tree
version=v4
num_class=1
num_tree_per_iteration=1
label_index=0
max_feature_idx=22
objective=binary sigmoid:1
feature_names=Column_0 Column_1 Column_2 Column_3 Column_4 Column_5 Column_6 Column_7 Column_8 Column_9 Column_10 Column_11 Column_12 Column_13 Column_14 Column_15 Column_16 Column_17 Column_18 Column_19 Column_20 Column_21 Column_22
feature_infos=[0.013884900137782097:inf] [0:72.020919799804688] [0:86245456] [0:60] [0:255] [0:100] [0:100] [0:100] [0:100] [0:1] [0:1] [0:0.93999999761581421] [0:1] [0:1] [0:1] [0:1] [120:262353] [42:2962] [54:29026] [50.799999237060547:5182.89990234375] [0:9286.84375] [50.799999237060547:5182.89990234375] [1:100]
tree_sizes=13069 13544 13554 13486 13500 13523 13524 13541 13545 13612 13667 13728 13756 13793 13728 13745 13739 13788 13724 13740

Tree=0
num_leaves=128
num_cat=0
split_feature=22 17 6 8 10 14 17 3 1 18 18 10 18 18 18 18 17 6 5 6 2 1 18 19 4 7 1 11 6 8 4 7 10 11 18 17 2 17 19 4 0 4 4 18 2 10 0 1 6 8 4 18 18 16 1 3 1 1 4 10 16 7 0 18 0 18 1 18 1 11 9 6 2 5 4 2 10 6 2 2 4 3 9 4 4 17 18 3 1 19 10 1 17 4 16 1 1 14 9 9 1 4 17 4 1 3 4 16 0 9 4 2 1 7 10 4 18 16 9 1 2 16 11 5 3 8 1
split_gain=3.48481e+07 221462 135937 52951.4 21617.8 11961 31034 9861.45 9705.7 8329.42 15694.1 11949.2 7754.87 5505.41 131930 14108.9 4856.4 4158.44 3347.12 3267.69 5259.06 2826.45 3559.26 2675.82 2534.6 2398.98 1796.28 1794.54 2095.1 1822.18 1778.06 1684.51 1559.71 1541.23 1461.11 1450.51 2818.98 1440.53 1432.44 1390.59 3751.85 1211.68 1203.25 1133.45 1110.07 1500.58 1025.84 1013.82 1013.11 1767.93 3280.53 962.97 16100.6 2243.6 1386.53 1006.79 1130.71 921.357 11485.2 2461.04 1591.91 886.491 826.647 787.71 973.312 843.921 778.358 1494.75 776.536 773.839 757.425 708.882 1546.99 679.167 1694.6 1309.25 658.49 1523.35 1496.35 1105.5 876.023 753.047 1149.94 649.487 1438.57 649.295 2784.58 642.587 1286.42 629.817 615.156 611.176 600.91 609.676 584.222 973.532 578.252 576.797 1965.09 574.479 2499.54 3113.01 572.991 558.077 546.604 1272.77 541.971 1694.18 905.644 515.286 647.014 897.021 505.845 492.616 490.502 489.123 990.041 483.632 481.305 557.023 480.465 1695.3 474.55 1032.62 470.816 1009.13 470.127
threshold=10.500000000000002 59.000000000000007 3.5000000000000004 4.5000000000000009 0.19500000029802325 0.99500000476837169 77.500000000000014 26.819999694824222 2.117991425620858e-05 2195.0000000000005 1474.5000000000002 0.090454548597335829 1365.0000000000002 1512.5000000000002 1494.5000000000002 1501.0000000000002 73.500000000000014 1.0000000180025095e-35 5.5000000000000009 1.0000000180025095e-35 186932.96875000003 0.0028886605286970739 1365.0000000000002 289.55000305175787 135.34999847412112 1.5000000000000002 0.027578556910157207 0.095000002533197417 1.5000000000000002 1.0000000180025095e-35 210.54999542236331 1.5000000000000002 0.59499999880790722 0.64499998092651378 155.50000000000003 94.500000000000014 39585.011718750007 62.500000000000007 220.84999847412112 143.65000152587893 697.86837768554699 119.33500289916994 155.20000457763675 791.50000000000011 1363.294128417969 0.49500000476837164 153.33653259277347 5.4974556405795745e-05 1.5000000000000002 1.0000000180025095e-35 80.555000305175795 791.50000000000011 1350.5000000000002 3806.0000000000005 0.019557798281311992 30.659999847412113 0.0075288056395947942 0.00024092436069622639 60.145000457763679 0.78999999165534984 7317.5000000000009 1.0000000180025095e-35 288.16868591308599 1031.5000000000002 153.33653259277347 1467.5000000000002 0.0096143959090113657 233.50000000000003 2.3285150746232833e-05 0.27500000596046453 0.17500000447034839 1.5000000000000002 3326.260620117188 7.5000000000000009 87.11999893188478 962054.21875000012 0.090454548597335829 1.5000000000000002 2683.301635742188 5963.8889160156259 82.750000000000014 23.500000000000004 0.58499997854232799 81.204998016357436 70.764999389648452 597.00000000000011 754.50000000000011 16.839999198913578 0.00034407019848003989 93.009998321533217 0.090454548597335829 0.015194046311080458 81.500000000000014 232.04000091552737 8998.5000000000018 0.015194046311080458 0.027578556910157207 0.2950000017881394 0.17500000447034839 0.78875002264976513 0.0012817049282602968 1.0000000180025095e-35 89.500000000000014 47.250000000000007 0.0041211855132132777 30.979999542236332 63.995000839233406 13622.000000000002 4514.2514648437509 0.38499999046325689 83.134998321533217 21141.580078125004 0.0028886605286970739 1.0000000180025095e-35 0.39499999582767492 58.350000381469734 582.50000000000011 1285.5000000000002 0.095000002533197417 0.015194046311080458 252365.65625000003 6518.5000000000009 0.18500000238418582 6.5000000000000009 16.020000457763675 2.5000000000000004 0.027578556910157207
decision_type=2 2 2 2 2 2 2 2 2 2 2 2 2 2 2 2 2 2 2 2 2 2 2 2 2 2 2 2 2 2 2 2 2 2 2 2 2 2 2 2 2 2 2 2 2 2 2 2 2 2 2 2 2 2 2 2 2 2 2 2 2 2 2 2 2 2 2 2 2 2 2 2 2 2 2 2 2 2 2 2 2 2 2 2 2 2 2 2 2 2 2 2 2 2 2 2 2 2 2 2 2 2 2 2 2 2 2 2 2 2 2 2 2 2 2 2 2 2 2 2 2 2 2 2 2 2 2
left_child=1 -1 3 4 5 9 21 37 16 10 19 38 33 14 17 23 30 25 94 31 27 22 -7 24 -16 39 48 28 41 70 -6 35 44 85 -9 51 -37 -4 -12 40 113 91 -43 69 45 -28 -45 68 114 63 -51 90 53 54 55 56 83 58 59 -15 -61 -11 120 118 65 -65 117 -68 -42 76 89 -46 -73 -63 75 -75 77 81 -79 97 -81 -29 -83 84 -53 -8 -87 88 -49 -30 99 112 -18 -94 95 -5 -27 -80 -99 100 101 -3 -89 122 -72 -106 107 108 -60 -105 111 -111 -21 -10 -19 116 -93 124 -50 -120 -54 -122 123 -102 -33 -126 -41
right_child=-2 2 7 18 8 6 12 34 13 61 11 -13 -14 57 15 -17 92 26 -20 20 -22 -23 -24 -25 -26 96 32 43 29 -31 -32 66 -34 -35 -36 36 -38 -39 -40 126 47 42 -44 46 71 -47 -48 87 49 50 -52 52 62 -55 -56 -57 -58 -59 106 60 -62 73 -64 64 -66 -67 67 -69 -70 -71 104 72 -74 74 -76 -77 -78 78 79 80 -82 82 -84 -85 -86 86 -88 102 -90 -91 -92 115 93 -95 -96 -97 -98 98 -100 -101 103 -103 -104 109 105 -107 -108 -109 -110 110 -112 -113 -114 -115 -116 -117 -118 -119 119 -121 121 -123 -124 -125 125 -127 -128
leaf_value=3.7789058492134329 3.7789058492134329 1.7452448799549121 3.7789058492134329 3.7789058492134329 1.9893571252036086 3.7789058492134329 3.7789058492134329 3.7789058492134329 1.6299063628034127 1.629868727886266 1.9503192519755475 1.8734612381900513 1.8503006862208886 1.5985284393659245 3.7789058492134329 1.7033458808066504 2.3798361397620731 1.7035291514792017 3.7789058492134329 2.4664691191338175 3.7789058492134329 1.6823993598841942 1.7543270688458799 3.7789058492134329 2.1178228604635549 1.7466919338972351 3.7789058492134329 1.8367266274633356 3.7789058492134329 3.7789058492134329 1.6022672826189241 1.5985284393659258 1.6828523222314455 1.6497308412224108 2.0212173742599853 1.9230989512509482 3.7789058492134329 2.0212173742599853 3.7789058492134329 1.6065972468187484 1.9864691159901424 3.7789058492134329 2.0708850257892149 3.7789058492134329 1.8673122397567774 1.8532264992046283 2.0708850257892149 1.7898588527720465 1.661325388234157 1.8867164593202983 3.7789058492134329 3.7789058492134329 1.8325573845373435 3.7789058492134329 1.789858852772046 2.0380911300639557 3.7789058492134329 1.6080674258414498 1.9503192519755423 1.6497308412224148 3.7789058492134329 1.6709458995394662 1.6677804063508757 3.7789058492134329 1.8325573845373437 1.9864691159901431 1.9316919469964309 3.7789058492134329 3.7789058492134329 1.7233701007889244 1.7360808391219456 3.7789058492134329 2.06964658554707 1.5985284393659298 1.6497308412224112 3.7789058492134329 1.8156998616387385 3.7789058492134329 1.7395270165782675 2.364068598100971 3.7789058492134329 2.0212173742599853 3.7789058492134329 3.7789058492134329 1.8867164593202987 1.5985284393659258 3.7789058492134329 1.8472590836476568 3.7789058492134329 2.4851958772942706 1.6827455994878373 3.7789058492134324 2.9469659483180273 1.6497308412224148 1.6244338117836521 1.6497308412224125 2.0810618810196351 1.6497308412224108 3.7789058492134329 1.6318605841291345 3.7789058492134329 3.7789058492134329 2.417191266629958 1.7495390628401826 3.7789058492134329 1.7898588527720467 1.6224242853136914 1.6272742383962502 3.7789058492134329 3.7789058492134329 1.8654185876231155 1.7898588527720478 1.8196684543963251 1.6676740565632602 1.6533222998000552 2.0655054494499128 1.6497308412224125 1.8144845721120668 1.7088838583084698 1.8568789641132899 3.7789058492134329 1.5985284393659276 1.7898588527720467 1.5985284393659285 3.7789058492134329 1.6985836197832183 1.718698661871461
leaf_weight=122.38707247003913 37630.183706283569 4.0895213633775711 80.054950345307589 1.1924541443586343 113.86063244193792 3.7608169168233854 27.655763424932957 1.3300450071692456 6856.731833640486 1113.5826344713569 1.1370393931865717 17.458812355995178 7.5465031638741484 1.9071698188781709 4.2423849366605264 10.017417114228008 13.375012572854757 675.23353620618582 30.522239733487368 3.1684193946421138 3.6461578644812098 106.11544757336378 5.1348335146903992 78.449723612517118 5.0067937821149826 322.27912547066808 1.9033402688801278 74.937599997967482 1.3300450071692456 2.6600900143384925 40.119361627846956 0.95358490943908547 106.13837938383222 0.9765167199075212 10.646127127110956 12.323978841304777 2.4537037201225749 1.1829030141234387 18.437175616621971 6624.2752636186779 1.1599712036550038 1.7886812165379513 2.4346014596521854 1.3759086281061166 106.59124852344394 2.159419734030962 2.4346014596521854 2.0906243026256557 189.49965841323137 9.8893773816525918 2.9811353608965865 1.4447040595114247 4.2729758471250525 7.5445656441152087 3.1359364539384833 2.388737838715314 4.4487712308764458 17397.026973996311 1.1370393931865685 0.97651671990752298 8.6911561675369722 6.9044124707579595 202.88233008608222 1.5134994909167274 5.3412198089063168 1.1599712036550043 2.2511469759047023 2.1326583735644817 1.2612495757639406 138.57553901523352 5.0889698937535268 1.4447040595114256 15.813443582504986 0.95358490943908725 3.9060668796300888 2.476635530591011 211.81424751877785 1.719885785132649 8.1561109162867087 2.9391012899577609 1.7428175956010816 3.5487090423703185 1.2612495757639406 1.1695223338901994 3.2964591272175312 1.9071698188781718 6.3062478788197041 118.40117640420794 1.3300450071692465 3.2142830155789852 656.63579242676497 1.2383177652955084 12.495944675058125 0.97651671990752298 1.9301016293466089 0.97651671990752209 13.470569364726542 2.9295501597225657 1.7198857851326463 76.502730179578066 1.2612495757639401 3.4856351912021628 4.5806405134499064 380.10571981966496 1.3071131967008116 2.0906243026256561 295.03036756440997 8.6969232372939569 1.6740221641957758 1.2383177652955049 5.4329470507800579 1.0453121513128278 65.795421231538057 987.77051726728678 1740.1585164554417 25.483053989708424 0.97651671990752209 7.4089123010635376 166.73400121927261 102.76735775545239 1.6740221641957762 1.9071698188781736 2.0906243026256561 0.9535849094390868 1.3988404385745528 0.99944853037595738 94.865434274077415
leaf_count=5337 1640960 16 3491 52 988 164 1206 58 11390 1849 9 112 45 2 185 31 218 2092 1331 57 159 285 21 3421 56 1270 83 427 58 116 45 1 286 2 99 91 107 11 804 7990 10 78 25 60 671 13 25 10 431 66 130 63 24 329 15 23 194 21483 9 2 379 17 487 66 30 10 17 93 55 483 19 63 162 1 8 108 1120 75 31 47 76 33 55 51 22 2 275 699 58 59 1768 54 342 2 3 2 141 6 75 130 55 152 78 1519 57 10 447 14 73 54 34 5 353 2369 3686 259 2 39 534 626 73 2 10 1 61 3 322
internal_value=2.68872 1.65526 1.6487 1.64419 1.64248 1.76509 2.1876 3.55585 1.6313 1.74361 1.8047 2.82446 3.31054 1.62947 1.64874 3.48102 1.9967 1.63888 3.59874 1.78553 1.88604 1.75417 2.61026 3.68407 2.87972 1.62796 1.69131 1.87392 2.04888 2.58635 1.8885 1.74428 1.82455 3.60962 2.21642 1.73853 2.23124 3.75331 3.67269 1.62494 1.63906 1.96528 2.79428 1.82891 1.94212 2.75538 2.68762 1.9067 1.68054 1.7469 2.325 1.7332 1.8255 3.06895 2.73173 2.96343 3.1768 1.60961 1.69393 3.24002 3.56384 1.63488 1.68726 1.73097 2.22238 3.0012 2.26873 2.83033 2.92018 1.82163 2.34291 1.91545 2.21273 2.02688 2.36186 3.17277 1.86545 1.97193 2.37167 2.23327 2.89073 1.87565 2.48211 2.72361 2.4633 3.66297 3.27262 1.88729 2.56325 2.86384 1.71412 1.92906 2.61725 2.85294 2.25721 2.82031 1.76011 1.99289 2.43734 1.75739 1.78141 2.68101 1.86849 1.76404 2.06396 2.55505 1.63555 1.97218 3.03927 1.75775 2.16225 2.86844 1.84938 1.63466 1.66736 2.12745 2.84016 2.03995 1.72238 1.76532 2.19057 2.61774 2.33016 2.84016 2.5383 2.91196 1.60818
internal_weight=77326.2 39696 39573.6 39480.4 39445.8 3294.57 159.403 93.214 36151.2 3135.16 2007.34 37.033 44.3922 35970.4 18255.3 97.7163 180.827 18157.5 34.6213 1970.31 573.378 115.011 8.89565 87.6989 9.24918 15028.2 3129.33 569.731 116.576 15.6911 153.98 1396.93 234.051 36.8457 11.9762 1381.78 14.7777 81.2379 19.5742 14692.5 7973.33 100.885 4.22328 453.155 127.912 4.06276 3.81051 128.824 2895.28 479.886 12.8705 1367.01 234.165 23.4287 15.8841 12.7482 10.3595 17715.1 318.113 11.5748 9.66767 1127.82 210.736 467.016 8.01469 2.67347 15.1446 4.38381 2.42122 449.345 13.031 123.849 17.2581 14.2407 7.33629 3.43022 310.769 98.9549 19.2074 17.4875 4.68192 79.7476 4.80996 5.91069 4.74116 35.8692 8.21342 126.402 3.42067 4.54433 1132.84 96.6617 26.8475 13.4725 4.09907 2.16897 335.75 12.8055 4.64944 476.206 399.703 7.57516 122.982 392.128 8.48671 3.39774 306.538 11.508 2.81106 387.822 7.71658 2.28363 68.9638 7844.5 2415.39 27.6979 2.21483 10.7608 459.001 269.501 7.85417 3.58119 4.30546 2.21483 3.35187 2.39829 6719.14
internal_count=1726548 85588 80251 76592 75204 14166 2000 3659 61038 12166 10183 925 1530 59443 37034 3693 1595 33341 1388 9258 3819 470 185 3662 241 24392 8949 3660 1147 319 1033 5439 1278 1485 157 5225 198 3502 813 22981 14669 828 103 2513 992 96 85 910 7671 1893 196 5027 1283 697 368 353 330 22409 926 383 381 1983 586 1697 106 76 214 110 65 2428 203 896 225 134 117 109 1945 825 310 235 123 515 88 136 85 1483 277 845 68 117 3744 725 562 344 57 54 1411 112 81 1976 1846 168 777 1678 86 67 543 96 82 1612 93 59 410 13759 5778 315 56 104 1591 1160 99 75 66 56 65 64 8312
is_linear=0
shrinkage=1


Tree=1
num_leaves=128
num_cat=0
split_feature=22 17 6 8 8 10 6 18 13 18 11 4 1 5 4 18 18 19 4 10 19 18 18 14 2 18 10 16 10 2 19 0 7 7 17 2 9 18 0 6 6 17 4 14 7 19 5 0 6 9 6 18 19 10 9 19 18 16 17 0 1 3 1 1 19 18 1 18 4 6 3 9 6 1 2 10 17 10 7 19 9 11 3 15 11 14 9 0 9 4 1 9 9 0 17 19 19 5 4 14 11 19 2 18 19 13 1 9 3 18 1 7 6 10 2 16 9 5 1 4 4 18 2 1 3 4 9
split_gain=1.52658e+06 5725.58 2810.64 987.391 682.347 611.081 388.017 348.602 274.156 853.55 301.293 202.34 162.312 203.087 167.919 126.2 3682.5 745.268 314.478 108.039 165.327 352.433 103.25 153.723 99.6455 93.2851 728.886 619.918 159.379 366.384 350.5 140.609 297.134 79.4305 70.1657 120.75 154.641 64.2783 90.8906 64.874 76.0157 64.1424 79.0789 143.304 58.7311 137.752 159.096 58.0275 55.3635 341.978 66.6256 52.2938 106.875 99.5123 141.89 52.2364 47.4139 67.4107 64.4601 129.56 108.128 46.1144 48.0379 45.8467 45.2092 44.3189 102.172 148.524 42.7988 41.6163 41.1938 44.3626 40.0556 44.2549 80.5375 69.8337 94.4349 91.1615 39.2723 59.7353 60.5685 145.163 40.3916 60.0549 88.1181 217.126 38.6912 40.602 148.759 231.103 38.2744 77.4841 38.1362 50.9996 206.565 88.3157 37.6732 57.2448 122.696 37.2158 36.5425 56.4091 151.288 136.996 35.9177 45.3749 34.8166 56.4333 182.161 34.5097 34.2779 45.2535 34.9938 33.759 41.1012 112.33 32.4036 34.4507 63.6986 153.039 32.0421 31.1913 65.6683 48.482 59.7748 149.987 31.9859
threshold=10.500000000000002 59.000000000000007 4.5000000000000009 3.5000000000000004 5.5000000000000009 0.59499999880790722 1.5000000000000002 1031.5000000000002 0.19500000029802325 1365.0000000000002 0.32500000298023229 135.34999847412112 5.9092046740261148e-06 3.5000000000000004 1.0000000180025095e-35 1501.0000000000002 1494.5000000000002 289.55000305175787 135.34999847412112 0.19500000029802325 324.27000427246099 739.50000000000011 754.50000000000011 0.49500000476837164 3.2513130903244023 1293.0000000000002 0.2950000017881394 2539.0000000000005 0.59499999880790722 161863.76562500003 438.34999084472662 118.69642639160158 1.5000000000000002 1.5000000000000002 70.500000000000014 16641.816406250004 0.17500000447034839 150.50000000000003 75.307971954345717 1.5000000000000002 3.5000000000000004 121.50000000000001 63.995000839233406 0.59499999880790722 1.0000000180025095e-35 239.70000457763675 5.5000000000000009 697.86837768554699 2.5000000000000004 0.38499999046325689 1.0000000180025095e-35 312.50000000000006 102.9300003051758 0.49500000476837164 0.28499999642372137 62.32500076293946 1474.5000000000002 13138.500000000002 66.500000000000014 1217.6196899414065 0.00013195514475228268 12.219999790191652 0.027578556910157207 0.019557798281311992 61.164999008178718 1462.5000000000002 0.0075288056395947942 2903.5000000000005 164.84999847412112 1.5000000000000002 56.600000381469734 0.99500000476837169 1.0000000180025095e-35 0.019557798281311992 5298.0344238281259 0.090454548597335829 62.500000000000007 0.2950000017881394 1.5000000000000002 93.009998321533217 0.69499999284744274 0.32500000298023229 12.219999790191652 0.19500000029802325 0.095000002533197417 0.89499998092651378 0.28499999642372137 57.849126815795906 0.095000002533197417 71.654998779296889 0.015194046311080458 0.095000002533197417 0.095000002533197417 541.83990478515636 60.500000000000007 117.81000137329103 90.860000610351577 6.5000000000000009 62.085000991821296 0.39499999582767492 0.095000002533197417 73.325000762939467 688.45684814453136 135.50000000000003 102.9300003051758 0.19500000029802325 0.0075288056395947942 0.49500000476837164 23.939999580383304 226.50000000000003 0.012030446436256172 1.0000000180025095e-35 1.0000000180025095e-35 0.69499999284744274 1160061.0000000002 8998.5000000000018 0.58499997854232799 6.5000000000000009 0.019557798281311992 96.634998321533217 64.645000457763686 206.50000000000003 2343.7299804687505 0.027578556910157207 23.060000419616703 133.65000152587893 0.49500000476837164
decision_type=2 2 2 2 2 2 2 2 2 2 2 2 2 2 2 2 2 2 2 2 2 2 2 2 2 2 2 2 2 2 2 2 2 2 2 2 2 2 2 2 2 2 2 2 2 2 2 2 2 2 2 2 2 2 2 2 2 2 2 2 2 2 2 2 2 2 2 2 2 2 2 2 2 2 2 2 2 2 2 2 2 2 2 2 2 2 2 2 2 2 2 2 2 2 2 2 2 2 2 2 2 2 2 2 2 2 2 2 2 2 2 2 2 2 2 2 2 2 2 2 2 2 2 2 2 2 2
left_child=1 -1 3 7 6 -4 113 11 9 10 -9 12 13 14 -3 16 25 18 -18 20 34 -22 -23 -24 70 26 27 31 29 44 -31 -10 -33 72 48 41 -37 38 100 47 51 42 43 -36 -28 46 -46 61 50 -50 63 90 53 -53 -55 -52 57 -27 -58 120 -61 62 -39 92 -40 -11 67 -67 -20 -17 -15 -72 -13 -74 -75 -76 77 -77 82 80 81 -80 83 84 85 -57 87 88 -54 -90 -41 -92 93 -14 -95 -96 -51 98 -98 116 101 -21 103 -103 -86 -106 -101 -108 -109 -107 111 112 -63 114 115 -5 -81 118 119 -118 -60 -112 123 -123 125 -125 -124
right_child=-2 2 5 4 -6 -7 -8 8 15 65 -12 33 19 24 -16 69 17 -19 68 37 21 22 23 -25 -26 56 28 -29 -30 30 -32 32 -34 -35 35 36 -38 39 64 40 -42 -43 -44 -45 45 -47 -48 -49 49 96 55 52 86 54 -56 78 58 -59 59 60 -62 110 -64 -65 -66 66 -68 -69 -70 -71 71 -73 73 74 75 76 -78 -79 79 99 -82 -83 -84 -85 104 -87 -88 -89 89 -91 91 -93 -94 94 95 -97 97 -99 -100 106 -102 102 -104 -105 105 109 107 108 -110 -111 121 -113 -114 -115 -116 -117 117 -119 -120 -121 -122 122 126 124 -126 -127 -128
leaf_value=0.05114238420904537 0.05114238420904537 -0.32708706985711844 0.051560904926043406 0.057364766802085014 0.05114238420904537 -0.37234282737005431 0.051983000023035755 0.051855383526455162 -0.29727636241103472 -0.31391982577887467 -0.37595857440131247 -0.29838751234206601 -0.31182087745550086 -0.32054586727132905 0.05207083015104446 -0.29827864898251166 0.053231269738369169 0.05135934935126555 -0.38985013068316032 -0.27717608290287482 0.056739062741185266 -0.33662340713394467 -0.33598618385308066 0.053701380860204831 -0.38000991243907384 -0.30159571652979095 -0.28902102094098719 0.056780458444968963 -0.2992777178379753 0.059249347373328598 -0.25187933478985569 0.057270126412330924 -0.31399764144510306 -0.32085254387625495 -0.31901539307259252 0.055138816536996295 -0.3103805145389642 -0.29695106991508929 -0.34491330204777476 -0.30738053677802352 -0.38603280726575256 -0.3751662264773839 -0.28758930595262283 0.054694045418011428 -0.28570026411168414 -0.2945140292129011 0.059265083152777467 -0.3292164736938531 0.054953376755996125 -0.3416008551112466 -0.40039363059757171 -0.27549799024172283 -0.3056579674572546 0.058402524939589841 -0.27433691317999026 0.056343278364951468 -0.29456957178786514 -0.36020364110851338 -0.32542658125396967 -0.23302646516262562 0.057497561629296978 -0.30142519577559712 -0.27011202326923883 -0.29838552487470865 -0.29759670584246606 0.057269839156662485 -0.32062650626798711 -0.30516023063515729 -0.23878897048682007 -0.28260093117457458 -0.43303965764066987 -0.30566898654179636 -0.30708844759118104 -0.30092284205498449 -0.33115248078047976 0.057253635264359587 -0.26714852236094644 -0.18727720983597107 0.057208396160576137 -0.32481364044839434 -0.34582236206665784 -0.31231399717415981 -0.32029812482438874 -0.33522326241799855 -0.3117053992364669 -0.31038338935110221 -0.318046981096962 -0.30076008709223728 -0.28507898360687023 0.057604298406021652 -0.30771900635639476 -0.33950444871644558 -0.30032808044676484 -0.30750378104181519 0.057072946578816557 -0.20119672608189579 -0.30987759229409106 -0.31596699547282164 0.057557675843915891 -0.30010898681203652 -0.28926572202615425 0.058977549580919254 -0.25968269576914577 -0.24597029725880915 -0.2894888459846402 -0.29069840660580898 -0.28343482035366863 0.058226860688150306 -0.3572687766484719 -0.13988708271290726 -0.3043914578210532 -0.30827878075131093 -0.30746464235667997 -0.3170010694878389 -0.29941944215247512 -0.29523803900240869 0.058090739954656093 -0.30607647344132805 -0.31569940740326163 -0.32728019648263207 -0.24402313325085792 -0.28297304580224519 -0.30094846851550167 0.058791353423028131 -0.26946435358370624 -0.30516981933714149 -0.28272459278960399
leaf_weight=116.55135465972126 35835.883631706238 5.3890162706375122 69.014782162383199 3.6772148143500107 31.600114332512021 9.6960898041725141 10.100650975480674 28.985178083181381 35.038514921441674 83.75399886071682 4.7964905463159075 41759.954472586513 3957.2619916722178 550.34408519230783 6.3739272877573949 113750.82831971906 6.7395773287862566 92.326087836176157 13.989292688667776 148.24075813032687 9.561204703524707 26.288553757593036 5.2684347014874202 4.8701335284858942 90.461311496794224 3776.0534705482423 238.46252489462495 26.711586428806186 1586.5421679057181 16.498661985620856 20.055790307000279 10.40367666631937 11.180800940841436 410.77248094603419 5.4959769248962385 5.9597793743014318 5.6244811713695526 961.69121727347374 51.564394431188703 828.09092551097274 32.891100235283375 19.23457214795053 155.88009616173804 4.8106097392737865 6.0228163283318263 23.503390438854694 7.5099110901355743 198.63712126947939 7.4787771720439187 31.216865155845881 18.200260324403644 24.880201775580645 51.330524368211627 6.563098166137932 6.2598435878753662 6.2821625601500282 2089.2416049689054 49.709112806245685 21.643425339832902 7.1050639450550062 5.8311160672456026 11816.941052615643 201.68546252511442 1332.1467927228659 2405.8358766846359 5.6106740646064299 16.424240902066231 5.6970252990722656 7.052745819091796 424.87130032479763 17.124369952827692 11.378796577453615 2325.3807150702924 231.14183661900461 16.048754708841443 4.9197790119797018 31.888151668012142 16.917640505358577 5.0579844079911691 184.58006926253438 5.1473789047449818 5.6006645560264587 2043.4303705785424 89.831748325377703 129.24432474002242 11.289168696850538 287.11533742584288 450.59976750425994 12.128136195242407 8.2780264876782876 402.13308862969279 366.45376506820321 1052.6701630372554 68.098184108734131 5.6445457283407441 8.0031635109335166 5.6404405087232607 16.654455818235874 3.8044860232621431 46.393584176898003 190.86407605372369 8.0270746611058694 58.636262385174632 6.8054165542125693 53.774501092731953 5.9481731131672886 18.236077949404716 5.5774645954370516 5.0051760673522949 10.470551412552593 6561.9979204069823 4705.867973908782 3009.2726661115885 33.15135913901031 11.57573635689914 5.8553598970174789 4.9309190046042204 62.807597002014518 11.123610524460673 5.3948041032999754 27.38273080997169 206.37040683627129 23895.095998205245 5.6260775923728961 18.995210327208042 5.6968812942504883 243.22877130657434
leaf_count=5337 1640960 2 2970 57 1447 19 420 1223 65 74 3 8787 1761 1110 257 24351 215 4113 24 143 143 7 2 155 112 1500 132 507 472 135 38 149 17 205 1 145 2 333 21 417 69 21 228 133 5 15 57 182 180 24 25 36 43 55 13 80 924 23 21 15 59 2938 177 1013 1558 63 5 1 33 262 199 2 744 215 29 50 48 57 57 161 3 3 2151 59 129 16 212 305 23 74 169 389 811 80 99 43 4 12 39 52 161 70 81 10 69 6 24 46 1 44 1754 1790 1025 9 4 2 42 97 12 5 41 151 8476 45 28 1 230
internal_value=-0.252825 -0.299217 -0.299391 -0.299491 -0.139137 -0.000658167 -0.232562 -0.299556 -0.297711 -0.229064 -0.00888779 -0.301571 -0.303303 -0.327588 -0.121635 -0.297793 -0.291754 -0.0169621 -0.244013 -0.303055 -0.308005 -0.213433 -0.284347 -0.148797 -0.331208 -0.295901 -0.2865 -0.14177 -0.292853 -0.260188 -0.111453 -0.235435 -0.135047 -0.298967 -0.308467 -0.278941 -0.122331 -0.302236 -0.294944 -0.302622 -0.310527 -0.288725 -0.278721 -0.144586 -0.279923 -0.221344 -0.0942637 -0.302244 -0.309098 -0.263043 -0.309424 -0.309511 -0.29947 -0.217182 -0.104033 -0.31597 -0.299018 -0.302357 -0.293079 -0.242821 -0.10207 -0.30214 -0.292298 -0.306644 -0.29859 -0.29578 -0.240994 -0.125329 -0.339218 -0.29822 -0.323581 -0.382192 -0.298764 -0.304754 -0.286711 -0.239631 -0.212292 -0.132187 -0.315403 -0.300021 -0.204978 -0.13696 -0.317758 -0.300843 -0.286611 -0.17927 -0.303303 -0.295198 -0.26026 -0.146065 -0.314839 -0.322874 -0.308804 -0.311013 -0.271922 -0.0943792 -0.304536 -0.260203 -0.161872 -0.304387 -0.273228 -0.259421 -0.223596 -0.0809381 -0.296068 -0.267276 -0.273297 -0.230134 -0.138286 -0.194523 -0.302367 -0.304007 -0.302651 -0.285531 -0.236105 -0.159221 -0.313085 -0.287393 -0.232683 -0.143251 -0.27996 -0.301332 -0.300508 -0.274299 -0.21526 -0.124327 -0.300765
internal_weight=270643 234807 234690 234612 95.9604 78.7109 64.3603 234516 122400 145.268 33.7817 112116 67318.8 681.072 11.7629 122255 8079 120.108 27.7816 66637.7 9459.94 45.9883 36.4271 10.1386 669.309 7958.9 1981.93 83.3346 1898.6 312.053 36.5545 56.623 21.5845 44797 9413.95 197.006 11.5843 57177.8 2869.97 54307.8 2476.72 185.421 166.187 10.3066 275.499 37.0361 13.5327 51831.1 9216.95 64.795 9152.15 2443.83 847.155 37.7031 12.8229 2728.33 5976.97 3825.76 2151.2 61.9623 12.9362 51632.5 1163.38 6423.82 2457.4 111.486 27.7319 11.3077 21.042 114176 578.847 28.5032 44386.3 2626.3 300.916 69.7743 53.7256 21.8374 2710.13 359.855 15.806 10.6586 2350.27 306.841 217.009 17.5713 809.452 522.336 71.7367 20.4062 1596.68 768.587 5091.68 4039.01 81.7459 13.6477 57.3162 26.0994 9.44493 344.049 412.574 221.71 73.4688 14.8325 199.438 70.1932 75.2123 28.8187 10.5826 16.4187 50469.1 19532.1 14826.2 54.2597 21.1083 9.53257 268.837 84.2569 21.4493 10.3257 49.0262 30937 24375 236.689 30.3182 11.323 24138.3
internal_count=1726548 85588 80251 77262 1939 2989 492 75323 34542 1369 1226 40781 30646 1682 259 33173 8560 4385 272 28964 7985 307 164 157 1423 4175 1592 738 854 382 173 231 166 10135 7678 530 147 20979 2044 18935 1805 383 362 134 209 77 62 17130 7148 259 6889 1736 761 104 68 3082 2583 1523 1060 136 74 16948 510 3807 1579 143 69 64 57 24613 1311 201 9930 1143 399 184 155 107 3057 503 63 60 2554 403 344 96 657 445 140 97 975 558 2794 1983 222 142 79 55 43 440 465 304 161 80 248 119 123 71 47 50 16438 5753 3963 72 63 59 317 156 59 47 62 10685 8931 225 74 46 8706
is_linear=0
shrinkage=0.05


Tree=2
num_leaves=128
num_cat=0
split_feature=22 17 6 8 8 10 6 18 13 18 11 18 18 19 4 19 18 18 2 0 10 11 4 18 10 16 10 2 6 0 7 17 14 17 1 1 8 14 7 3 4 10 14 2 12 1 4 10 1 2 5 6 4 4 4 3 10 16 15 6 10 4 9 3 18 10 7 10 18 16 18 7 7 4 1 18 14 6 7 18 18 7 6 0 2 4 11 17 16 4 10 1 7 4 4 2 18 0 18 2 2 4 19 0 6 4 18 1 4 4 16 2 19 4 10 7 18 17 11 1 6 2 3 2 0 1 0
split_gain=991985 3616.25 1721.09 548.753 494.608 433.888 256.319 83.4407 160.115 530.442 214.53 89.8233 2246.23 566.886 188.249 67.7034 167.92 72.2157 85.4619 50.3962 99.8391 68.6803 53.8929 44.3771 420.924 445.778 91.3811 225.294 196.334 81.3399 202.847 39.1794 373.829 41.5509 152.775 50.6108 37.5847 85.3103 109.303 33.4435 43.0728 66.2167 150.407 37.0889 31.8665 53.8482 72.663 123.115 30.4372 43.6115 29.8125 62.3061 189.902 58.0866 164.764 56.1707 43.0991 33.1373 43.9649 29.2598 30.206 56.7191 29.0641 45.9244 37.7289 85.6002 28.934 26.4484 34.1964 55.4404 48.8889 180.5 40.2376 54.0401 84.5662 91.5218 118.572 32.0609 208.724 28.727 124.939 81.4388 36.7221 211.073 25.4084 52.0294 167.916 25.327 36.979 24.2599 300.838 521.712 202.557 309.455 316.091 127.562 101.575 29.8069 31.458 69.0959 86.2919 23.234 23.3619 38.0029 21.9339 21.7186 21.498 46.4584 46.929 100.482 23.8519 21.4449 51.6948 44.9963 21.2618 21.0972 20.8889 58.3898 105.535 20.706 20.5757 20.0728 19.9416 28.3745 19.8761 54.3131 27.8499
threshold=10.500000000000002 59.000000000000007 4.5000000000000009 3.5000000000000004 5.5000000000000009 0.59499999880790722 1.5000000000000002 1031.5000000000002 0.19500000029802325 1365.0000000000002 0.32500000298023229 1501.0000000000002 1494.5000000000002 289.55000305175787 135.34999847412112 354.09999084472662 582.50000000000011 754.50000000000011 74119.484375000015 39.979852676391609 0.49500000476837164 0.095000002533197417 143.65000152587893 1293.0000000000002 0.2950000017881394 2539.0000000000005 0.49500000476837164 161863.76562500003 1.5000000000000002 118.69642639160158 1.5000000000000002 78.500000000000014 0.99500000476837169 86.500000000000014 0.00029999970865901565 0.00010636925799190068 1.0000000180025095e-35 0.19500000029802325 1.0000000180025095e-35 18.380000114440922 63.194999694824226 0.2950000017881394 0.19500000029802325 26997.629882812504 0.25000000745058065 0.015194046311080458 104.81500244140626 0.69499999284744274 5.9092046740261148e-06 3.2513130903244023 2.5000000000000004 1.0000000180025095e-35 109.75000000000001 81.689998626708999 108.45000076293947 12.820000171661379 0.19500000029802325 2069.5000000000005 0.095000002533197417 1.0000000180025095e-35 0.19500000029802325 62.405000686645515 0.095000002533197417 15.219999790191652 176.50000000000003 0.39499999582767492 1.5000000000000002 0.19500000029802325 146.50000000000003 801.50000000000011 131.50000000000003 1.5000000000000002 1.5000000000000002 64.594997406005874 0.0075288056395947942 110.50000000000001 0.49500000476837164 2.5000000000000004 1.0000000180025095e-35 301.50000000000006 317.50000000000006 1.5000000000000002 1.0000000180025095e-35 94.243225097656264 2924.3300781250005 76.704998016357436 0.32500000298023229 62.500000000000007 2254.5000000000005 61.710000991821296 0.99500000476837169 0.0012817049282602968 1.0000000180025095e-35 55.540000915527351 59.524999618530281 926925.62500000012 2958.0000000000005 404.31729125976568 4356.0000000000009 656945.06250000012 962054.21875000012 59.524999618530281 96.029998779296889 153.33653259277347 1.0000000180025095e-35 220.84999847412112 1474.5000000000002 0.00034407019848003989 210.54999542236331 136.83499908447268 13138.500000000002 5606.8959960937509 115.53000259399415 64.895000457763686 0.19500000029802325 1.5000000000000002 1462.5000000000002 62.500000000000007 0.18500000238418582 0.027578556910157207 1.0000000180025095e-35 8.0119190216064471 7.5399999618530282 3676.1889648437505 175604.17187500003 0.0010423242929391565 118.69642639160158
decision_type=2 2 2 2 2 2 2 2 2 2 2 2 2 2 2 2 2 2 2 2 2 2 2 2 2 2 2 2 2 2 2 2 2 2 2 2 2 2 2 2 2 2 2 2 2 2 2 2 2 2 2 2 2 2 2 2 2 2 2 2 2 2 2 2 2 2 2 2 2 2 2 2 2 2 2 2 2 2 2 2 2 2 2 2 2 2 2 2 2 2 2 2 2 2 2 2 2 2 2 2 2 2 2 2 2 2 2 2 2 2 2 2 2 2 2 2 2 2 2 2 2 2 2 2 2 2 2
left_child=1 -1 3 7 6 -4 -5 15 9 10 -9 12 23 14 -14 19 -17 -18 -19 20 21 36 31 24 25 29 27 -26 -29 -10 -31 44 33 34 35 -33 39 -38 -39 40 41 42 -3 -41 48 46 47 -46 49 -21 55 -52 53 -53 -55 57 -57 58 -42 62 61 -61 114 -64 -65 -66 -24 77 69 72 -71 -72 -69 74 -74 76 -76 -50 -79 104 81 101 83 -83 85 -62 -87 88 -45 90 -13 92 93 -92 -95 -96 -97 -93 99 -99 -101 102 103 -81 -70 120 110 108 109 -108 -25 -22 113 -113 -23 -106 -11 -118 -119 -86 -91 -51 -60 -124 126 -126 -35
right_child=-2 2 5 4 -6 -7 -8 8 11 116 -12 89 13 -15 -16 16 17 18 -20 22 111 59 66 106 26 -27 -28 28 -30 30 -32 32 -34 124 -36 -37 37 38 -40 43 50 -43 -44 87 45 -47 -48 -49 67 121 51 52 -54 54 -56 56 -58 -59 122 60 84 -63 63 64 65 -67 -68 68 79 70 71 -73 73 -75 75 -77 -78 78 -80 80 -82 82 -84 -85 119 86 -88 -89 -90 105 91 97 -94 94 95 96 -98 98 -100 100 -102 -103 -104 -105 115 -107 107 -109 -110 -111 -112 112 -114 -115 -116 -117 117 118 -120 -121 -122 -123 123 -125 125 -127 -128
leaf_value=0.051085430165688318 0.051085430165688318 -0.20179444445535941 0.05148598142460499 -0.2245365743743023 0.051085430165688318 -0.26759465178423386 0.051891802586213669 0.051769627241293054 -0.23056168215962486 -0.24023579393349134 -0.27322049125722114 -0.23399263579631902 0.053076211421906654 0.051293510577661676 -0.24781539461983582 0.056573731427851826 -0.23524711508659821 -0.20810637291512901 0.056771971262161602 -0.24150419221448668 -0.2374943626878995 -0.23803918494280782 -0.23431219841134548 -0.23533961220402017 -0.21586590015042095 0.056430401265964707 -0.23310525266792881 0.05936725750560648 -0.27753892400189578 0.056880914480825676 -0.23883258680678099 -0.14057612485044124 0.051372500241788625 -0.26273870220106177 0.061277794156165521 -0.27736620421502173 -0.22575514084092574 0.060118277061826257 -0.21099465358057864 -0.229483042845331 -0.2240874815374892 -0.21746374547761327 0.061512381232520869 -0.094410394097101627 0.061224945691491332 -0.22757365232555193 -0.23525950522124051 -0.22566862856285971 -0.23915175885070072 -0.31736916793086956 -0.21647275683525594 -0.26223688706869702 0.058968734587332705 0.059678972112611896 -0.31822442635545689 -0.3351678780776603 -0.23420856359479383 -0.25768809777757967 -0.20860098563849616 -0.1220077883007301 -0.26284142567705876 -0.23516598200874445 -0.22817023223773081 -0.22848739704228727 0.061892475233676914 -0.19041321174188441 -0.24765940807977893 -0.23432357408684626 -0.23667157376616443 -0.21333348248007955 0.062410349097017294 -0.24040769591856154 -0.23780212785804392 -0.22679920818114488 0.061754105179355312 -0.21184636904019372 -0.18995037826522079 0.055753873331005524 -0.23760293136119329 -0.10406218988615645 -0.23636834985472346 0.06173219841745721 -0.19765149746941832 -0.25312529213377499 -0.22890952631017036 0.059045977576031222 -0.25598212460580971 -0.21827289918379822 -0.208515319091892 -0.23442403544856411 -0.2258335547937744 -0.22916064566865449 -0.23436460174697676 0.060634101266168888 -0.21410442273330027 -0.16361200708457532 0.06204479676834504 -0.21055574473779295 -0.223204138697391 -0.18211247066861513 0.063493854789889323 -0.2282777736741621 -0.21741064585750861 -0.22287336473850813 -0.24013841079883422 -0.22599679874815412 0.059027718866439309 -0.23094636415662886 -0.21293582590513319 -0.22099879775187828 -0.2662098117636964 -0.10685906384753947 -0.23331212020376002 -0.20856807265331989 -0.22414790025312922 -0.22795865607717875 -0.24662925164777147 0.056961428464436151 -0.23805444409489565 -0.26203214871755287 -0.23157481934403046 -0.26450084248061739 -0.21126858258496026 -0.090602851753227909 -0.25287552641762445 -0.44241599527710201 -0.2130160310219659
leaf_weight=110.98756124451756 34125.191774368286 15.714962199330332 65.742013497278094 65.16852393001318 30.091624718159437 12.714625582098959 9.6244959104806167 27.616074129939079 42.675158191472292 103.33932671695948 6.2220251224935046 8716.3670545481145 6.429140241816639 87.933174844831228 27.150072559714317 6.4223943930119267 55.934899574145675 7.698299475014208 5.0381898507475853 689.48905943892896 5535.446038344875 498.60048054903746 49223.438320780173 4571.8954038918018 171.6116063632071 25.562477605417371 2091.179496563971 14.500330848619344 6.1619667652994385 9.9622841402888298 13.877431228756905 10.672313090413811 12.393682871013878 44.892693065106869 5.4458607323467723 18.455189242959023 28.900578381493688 7.2766169458627683 7.6012354865670204 1352.6510426960886 239.55904951505363 37.178442552685738 8.2817437816411239 13.242258397862317 7.7827856857329607 150.25625708140433 13.930929288268089 7.1979378908872604 9973.9581928309053 22.076887175440788 841.36677698604763 19.366926452144984 8.385664336383341 6.0458287056535465 5.5157134532928467 21.147329952567816 21.13661789521575 58.607415929436684 15.362784400582312 11.337203415110706 25.706672199070454 476.65211303718388 35.801827227696776 7.144419580698016 5.6922356095164988 8.2108982801437378 409.41609054617584 2927.016263877973 26137.483894798905 135.64078302308917 7.6634765714406976 13.751194193959236 27.764884814620018 187.12634743750095 10.791770711541176 15.2116487249732 8.2601287811994553 6.9253504052758208 48.720318352803588 12.521374866366388 22629.22831075266 8.918981961905958 95.760637260973454 13.201509416103361 57.126701291650534 6.2460312042385366 13.104737915098665 37.004019021987915 15.30923657119274 120642.45532860234 28.761462576687336 383.64648653566837 27.927582278847694 42.356111153960228 22.481768578290939 9.1604663282632846 10.945606645196674 30.347425684332848 58.017147272825241 8.4654780775308591 6.1921907216310492 2285.4107179120183 200.2769835665822 14.55272690951824 8076.2058000005782 797.39744158089161 5.6626108624041063 2546.2105330973864 30.125255078077316 7.3769322335720062 63.440837746486068 12.332046344876288 1143.7640136927366 91.987565577030182 615.49394702911377 371.91279949620366 20.17259094119072 5.4071264676749689 6.8995704650878906 271.07033178955317 6687.6823052354157 96.133861733600497 7.5875333957374123 13.612321663647888 40.222855679690838 4.1715317964553824 75.562021266669035
leaf_count=5337 1640960 21 2970 72 1447 19 420 1223 65 74 3 1600 215 4113 57 108 47 38 119 1053 1429 243 8306 1500 134 507 591 115 14 149 17 121 540 13 39 6 32 65 7 815 188 36 69 43 63 67 3 3 5803 7 614 23 75 47 3 20 24 22 17 39 28 452 25 4 38 10 136 1378 5686 118 49 7 18 141 71 19 13 149 69 41 6241 58 101 4 38 71 9 27 12 20314 13 101 5 541 15 16 101 19 22 10 37 1104 136 9 2606 273 50 979 21 10 23 41 388 86 317 192 5 63 1 242 1546 95 7 53 219 3 102
internal_value=-0.203594 -0.234264 -0.234376 -0.234441 -0.120094 -0.000223993 -0.188965 -0.234483 -0.233659 -0.185113 -0.00798836 -0.233715 -0.22907 -0.0154434 -0.190206 -0.235377 -0.187915 -0.21078 -0.103328 -0.235404 -0.232252 -0.226744 -0.235698 -0.231774 -0.225846 -0.121034 -0.230072 -0.197086 -0.0411058 -0.189235 -0.115258 -0.23655 -0.215076 -0.231635 -0.181799 -0.227246 -0.221638 -0.175676 -0.0783959 -0.222373 -0.216642 -0.175671 -0.110922 -0.227703 -0.236611 -0.21555 -0.15306 -0.0766217 -0.236662 -0.246315 -0.218635 -0.213598 -0.152074 -0.209294 -0.120609 -0.2304 -0.284701 -0.223541 -0.216293 -0.233731 -0.240726 -0.232537 -0.228585 -0.193713 -0.135102 -0.087114 -0.234422 -0.236555 -0.236177 -0.231248 -0.202249 -0.132041 -0.232682 -0.213393 -0.172947 -0.120394 -0.0473747 -0.238941 -0.201093 -0.236451 -0.235169 -0.224856 -0.184239 -0.126175 -0.251433 -0.216225 -0.154298 -0.190974 -0.155593 -0.234043 -0.231584 -0.198169 -0.113712 -0.0840784 -0.036081 -0.13227 -0.040766 -0.222748 -0.19887 -0.167499 -0.0783551 -0.226761 -0.211518 -0.167925 -0.237387 -0.234223 -0.233724 -0.230074 -0.178636 -0.0993932 -0.235762 -0.236159 -0.230239 -0.196545 -0.230365 -0.239602 -0.229243 -0.194266 -0.108435 -0.256267 -0.234274 -0.274374 -0.165224 -0.13379 -0.242087 -0.270686 -0.231547
internal_weight=317495 283369 283258 283180 104.885 78.4566 74.793 283075 147364 169.657 33.8381 147194 9721.75 121.512 33.5792 135712 75.0938 68.6714 12.7365 135636 11596.6 4813.04 124040 9600.24 2375.53 92.0774 2283.45 192.274 20.6623 66.5149 23.8397 74407 211.816 199.422 34.5734 29.1275 2780.85 43.7784 14.8779 2737.08 1318.87 61.1751 23.9967 1418.21 74195.2 179.168 28.9117 14.9807 74016 807.7 1257.69 880.681 39.3141 30.9285 11.5615 377.013 42.2839 334.729 276.122 2032.19 861.244 487.989 1170.94 56.8494 21.0476 13.9031 49632.9 73208.3 63178.7 3333.23 157.055 21.4147 3176.17 249.155 62.0284 34.2635 19.0519 10029.6 55.6457 59845.5 25259.9 2630.64 117.881 22.1205 373.254 45.0574 19.3508 65.5555 28.5515 137472 9344.67 628.302 141.633 113.705 84.944 42.5878 20.1061 486.669 103.022 45.0051 14.6577 2512.76 227.351 27.0741 34585.6 128128 7224.71 2589.38 43.1648 13.0395 4635.34 6783.53 1248.08 104.32 1114.09 8448.12 135.819 32.4793 12.3067 328.197 127330 118.211 36.5626 21.1999 164.849 44.3944 120.455
internal_count=1726548 85588 80251 77262 1939 2989 492 75323 34542 1369 1226 33173 8560 4385 272 40781 312 204 157 40469 5680 3736 34789 4175 1592 738 854 263 129 231 166 26347 1043 503 166 127 2220 104 72 2116 1219 126 90 897 25304 136 69 66 25168 1155 1093 762 148 73 50 331 44 287 265 1516 879 491 637 77 52 48 8442 24013 17992 1814 174 56 1640 262 121 103 84 6021 218 16178 7694 1453 163 62 388 108 80 82 55 24613 2480 880 691 686 673 132 117 189 88 66 47 1290 186 50 8484 22133 2583 1060 81 60 1523 1944 515 127 560 2798 143 69 64 280 21860 102 77 60 337 222 115
is_linear=0
shrinkage=0.05


Tree=3
num_leaves=128
num_cat=0
split_feature=22 17 6 8 8 10 6 6 3 10 2 3 0 4 18 18 14 19 2 15 14 18 18 7 11 16 4 4 2 16 1 6 7 9 5 11 8 3 11 18 19 1 18 18 10 2 0 13 0 18 4 1 10 3 18 14 6 16 1 19 4 19 3 16 14 2 4 10 1 4 4 16 2 19 1 4 3 0 18 2 9 4 10 9 7 2 10 2 19 11 7 4 4 5 1 3 18 1 4 4 19 10 2 16 14 4 16 2 18 6 14 16 4 3 5 4 3 4 16 2 4 14 5 19 2 5 17
split_gain=716721 2567.38 1188.52 353.246 383.068 340.081 186.672 49.0251 103.99 147.546 59.2879 41.1263 281.05 116.698 71.7337 317.128 155.016 39.1405 38.2652 100.993 36.6319 30.2232 68.3425 49.3467 45.7472 63.6173 98.0118 37.3468 111.381 73.1922 118.339 29.6249 49.1629 54.6937 111.537 120.654 35.1815 65.0817 130.516 34.0716 28.8277 28.3424 26.2792 63.6318 111.338 25.9168 25.3366 62.6842 24.332 84.4541 24.1291 36.8582 95.5444 24.002 30.2397 93.6041 26.5697 26.5534 23.1971 53.9948 49.417 81.0946 24.2473 51.6125 96.2432 23.132 22.8711 146.482 407.784 156.611 363.566 74.924 82.5537 68.602 52.2756 103.796 305.548 108.834 46.6565 76.496 18.7876 40.2965 30.3958 17.5895 16.7881 21.6838 39.2472 19.5638 29.2922 16.3644 37.0749 18.4988 16.2053 22.8685 32.7466 15.8919 24.2988 23.956 99.0461 15.7484 15.2586 15.2563 21.7939 70.0515 15.1142 34.8166 14.0243 26.0552 39.3383 13.6642 13.1993 12.6106 16.6424 13.4464 12.9858 12.5956 11.9268 11.8187 11.679 18.6076 18.5189 11.5051 18.4356 11.4674 13.7913 22.2759 42.3545
threshold=10.500000000000002 59.000000000000007 4.5000000000000009 3.5000000000000004 5.5000000000000009 0.59499999880790722 1.5000000000000002 2.5000000000000004 22.340000152587894 0.39499999582767492 364950.43750000006 9.0199999809265154 9694.1142578125018 1.0000000180025095e-35 754.50000000000011 1365.0000000000002 0.69499999284744274 79.069999694824233 5291200.5000000009 0.095000002533197417 0.49500000476837164 301.50000000000006 317.50000000000006 1.5000000000000002 0.095000002533197417 1077.5000000000002 108.45000076293947 220.84999847412112 6254.0000000000009 24806.500000000004 0.00013195514475228268 1.0000000180025095e-35 1.5000000000000002 0.28499999642372137 6.5000000000000009 0.32500000298023229 1.0000000180025095e-35 17.640000343322757 0.27500000596046453 110.50000000000001 104.64999771118165 0.012030446436256172 233.50000000000003 162.50000000000003 0.19500000029802325 26.837373733520511 39.979852676391609 0.69499999284744274 288.16868591308599 264.50000000000006 70.764999389648452 0.015194046311080458 0.99500000476837169 24.819999694824222 264.50000000000006 0.39499999582767492 3.5000000000000004 1017.5000000000001 0.012030446436256172 98.325000762939467 60.145000457763679 96.029998779296889 27.659999847412113 900.50000000000011 0.095000002533197417 8019.2138671875009 62.725000381469734 0.99500000476837169 0.00059536099433898937 55.540000915527351 60.145000457763679 13622.000000000002 1375952.7500000002 518.86001586914074 0.0028886605286970739 59.524999618530281 29.579999923706058 697.86837768554699 5860.0000000000009 493029.84375000006 0.095000002533197417 114.51499938964845 0.39499999582767492 0.17500000447034839 1.0000000180025095e-35 5298.0344238281259 0.2950000017881394 3063.6669921875005 98.325000762939467 0.095000002533197417 1.0000000180025095e-35 87.11999893188478 97.204998016357436 7.5000000000000009 0.0075288056395947942 10.660000324249269 218.50000000000003 0.015194046311080458 115.53499984741212 102.24499893188478 117.81000137329103 0.69499999284744274 1160061.0000000002 8998.5000000000018 0.19500000029802325 88.440002441406264 13622.000000000002 962054.21875000012 4356.0000000000009 1.5000000000000002 0.79500001668930065 1152.5000000000002 80.555000305175795 19.180000305175785 2.5000000000000004 60.145000457763679 26.020000457763675 53.155000686645515 3517.0000000000005 535288.56250000012 60.145000457763679 0.19500000029802325 5.5000000000000009 113.12500000000001 6868.6359863281259 3.5000000000000004 60.500000000000007
decision_type=2 2 2 2 2 2 2 2 2 2 2 2 2 2 2 2 2 2 2 2 2 2 2 2 2 2 2 2 2 2 2 2 2 2 2 2 2 2 2 2 2 2 2 2 2 2 2 2 2 2 2 2 2 2 2 2 2 2 2 2 2 2 2 2 2 2 2 2 2 2 2 2 2 2 2 2 2 2 2 2 2 2 2 2 2 2 2 2 2 2 2 2 2 2 2 2 2 2 2 2 2 2 2 2 2 2 2 2 2 2 2 2 2 2 2 2 2 2 2 2 2 2 2 2 2 2 2
left_child=1 -1 3 7 6 -4 101 11 9 -9 53 12 14 -14 17 16 -16 -3 19 -12 42 31 23 58 25 50 -27 66 29 30 -29 46 36 39 35 -35 95 38 -38 45 -39 -42 43 -19 -45 -34 47 80 -22 -50 51 -25 -53 54 55 -10 92 -56 -23 60 61 -60 63 -62 -65 115 67 109 69 -69 -71 72 73 -72 75 76 -70 78 79 -78 84 104 -83 -47 100 87 -87 88 -86 90 91 -67 -55 94 -94 96 -33 -98 -99 -58 111 102 103 -5 -82 -106 107 118 -109 110 -24 113 -113 114 -13 116 -61 -116 -77 120 -120 -93 -123 124 -117 -126 -127
right_child=-2 2 5 4 -6 -7 -8 8 10 -11 18 21 13 -15 15 -17 -18 20 -20 -21 48 22 27 24 -26 26 -28 28 -30 -31 -32 32 33 34 -36 -37 37 40 -40 -41 41 -43 -44 44 -46 83 -48 -49 49 -51 -52 52 -54 56 57 -57 99 -59 59 65 62 -63 -64 64 -66 89 -68 68 74 70 71 -73 -74 -75 -76 106 77 -79 -80 -81 81 82 -84 -85 85 86 -88 -89 -90 -91 -92 121 93 -95 -96 -97 97 98 -100 -101 -102 -103 -104 -105 105 -107 -108 108 -110 -111 -112 112 -114 -115 117 123 -118 -119 119 -121 -122 122 -124 -125 125 126 -128
leaf_value=0.051031369495471615 0.051031369495471615 -0.2008418689618186 0.051414629552215346 0.05862490743636023 0.051031369495471615 -0.21287010455567235 0.051804616355346236 0.057724055338660041 0.060445291702259055 -0.17811837925103235 0.064042696636060562 -0.19396386162007728 -0.17162685413107048 0.053473444916809734 -0.20797592417568961 -0.19692442089946061 0.052424603353270628 -0.19348498947959339 -0.1992935758058835 -0.18708532702021879 -0.19111703259833376 -0.19371547041601664 -0.19539289110555294 -0.17502384448562719 -0.19608330439581415 0.063848447387947246 -0.17383202193880606 -0.18989795413748797 -0.18924998943589802 -0.17998122353475898 0.053125239019485307 -0.19202453590824919 -0.18189351791544134 0.063185401073878641 -0.17821627245302496 -0.18888838694979818 0.061416322832446503 -0.1935655080103546 -0.18481798968919674 -0.19458851113760059 -0.18639162751838467 -0.08870332667234658 -0.18443889146352932 0.064132217341967709 -0.15009752631913087 -0.079159200087075721 -0.19619478464915632 -0.19684982522153463 0.056428638232830453 -0.1771448559447405 -0.17820661816293015 0.064082110908979639 -0.18457696207482116 -0.19420121985063327 -0.21509225824037875 -0.17320239974973961 -0.18494947090839073 -0.14079561529383652 0.062938158232624261 -0.14674668225087814 -0.18110945445495472 -0.16735187981250096 -0.18879946078020937 -0.18200353461826529 0.065215792597303743 -0.13237280474608612 -0.19558640350991832 -0.19012776747195861 -0.21627971119412337 0.058842535907948128 0.06097477074464526 -0.19107653163966409 0.062987321865651855 -0.17238102651147641 -0.19282808887401318 -0.21655382839642545 -0.1442207048621825 0.063145748561742543 -0.19820666671530043 0.064873616942006329 -0.20484862896357178 -0.070830239746636312 -0.16700982365713146 -0.16858606063580683 -0.090634149125933136 -0.18934951536350042 -0.076626544295108248 -0.19090500327674151 -0.19070605102689797 -0.18784484997848244 -0.10563525877800671 -0.20499060400823987 -0.18305251437773126 -0.19586304972950375 -0.080046270969119523 -0.19930151901947635 -0.20149146594192488 0.06257833606247791 -0.21088479493799933 -0.24235738039938873 -0.1932942848172774 -0.20505245483254739 -0.19691438346282936 -0.19462857601954803 -0.11738587057049435 -0.18738276266526799 -0.19308930807457109 -0.073713370223516927 -0.18570547101284568 -0.18369495054749191 -0.17923841309759636 -0.19375723090538091 -0.13807559149461021 -0.19286148647879478 -0.19546317440950281 -0.19053342516527771 -0.18438011148496417 -0.17628778764226413 -0.19471158094531621 -0.19022838902856012 -0.097444575351072774 -0.19780230572809457 -0.13333816011931068 -0.19595025767548568 -0.21438717573389687 -0.11557517500398194 -0.18784000732680728
leaf_weight=105.68365374952555 32494.406681060791 912.73936281725764 62.620336772873998 4.1561830174177885 28.653596960008144 15.109523519873617 9.1701232586055976 10.864049937576057 5.6797151733189848 17.022816054522991 7.8308983892202422 200.08650702238083 8.774903744459154 16.745191473513842 7.6371821425855186 103.4440761692822 22.710403129458427 24.013893693685532 7.8152985572814933 8.1911831498146057 1126.1334366444498 1726.4663961250335 16852.890327785164 17.308233007788658 63.620470881462097 8.6782245635986328 8.6714480668306351 8.1379537284374255 1104.3728764206171 16.842466115951538 13.029270619153975 81.023166051134467 33.623098913580179 11.312298722565174 68.214579157531261 8.1794805824756622 7.9625771045684841 321.03701357729733 16.602272607386112 510.87187281623483 16.450631715357307 13.532981403172014 50.031756138429046 8.8511394746601599 19.266520641744137 14.410582538694143 83268.163346309215 5036.1951801925898 4.3630955498665562 34.245238494127989 59.724108211696148 7.2223947346210453 8.3055965900421143 272.6083163972944 29.716755548492074 17.476225320249796 16.86236410588026 20.201243074610829 6.6878536194562885 29.290634527802467 25.206188648939133 8.9235043674707413 49.006716543808579 8.3795896619558317 7.4253006726503363 20.976505905389786 186950.59802218713 32.398923678323627 44.318466670811176 37.615516159683466 3.8432755768299165 32.274477824568748 7.4644644297659388 17.446735460311174 1040.963462293148 22.185454040765762 9.8913388624787384 18.25799272954464 7.8437232971191397 7.842092089354991 53.809139251708984 15.255108900368212 17.799205809831619 8.8913843538612127 13.330519869923593 16.349957853555683 14.632813200354574 121.47548626363277 16.198050454258919 106.67686303704977 24.226933315396309 38.391092926263809 16.718759747222069 31.753150595352054 14.328370438888667 15235.855178426951 7.8405486345291147 5.8748382963240147 7.5877262260764837 40.976384330540895 1554.5311436206102 46.029028158634901 15.782678339630365 7.9602476358413696 22.664841160178185 82.177231520414352 199.91744208335876 14.974570512771608 16.46034562587738 258.77311513014138 127.40167748741806 23.951583370566368 30.517162784934044 584.77628535032272 95.235840870067477 356.3801821321249 74.860562816262245 514.34097820520401 7.9464140161871919 56.601903229951859 12.737624861299992 23.705594107508659 20.841454952955246 706.27411509305239 22.318745240569115 34.395982846617699 49.392862632870674
leaf_count=5337 1640960 311 2970 57 1447 19 420 200 66 14 60 82 9 585 6 79 989 8 1 3 630 522 3776 16 30 52 7 6 511 8 553 62 31 72 54 5 75 210 11 221 9 42 44 57 25 42 16474 1112 124 104 48 43 5 191 11 24 49 43 42 37 14 9 28 5 42 34 37542 20 7 670 63 12 76 60 289 6 31 136 1 49 14 45 14 10 35 11 41 57 7 67 51 8 16 15 47 5482 6 39 9 33 553 9 4 2 43 48 46 44 6 238 193 6 43 155 25 148 50 346 4 36 54 11 32 236 6 68 40
internal_value=-0.172759 -0.195368 -0.195449 -0.195496 -0.106616 4.16258e-05 -0.160975 -0.195527 -0.180158 -0.0862399 -0.185502 -0.195552 -0.188946 -0.0239257 -0.190767 -0.15523 -0.013107 -0.192948 -0.108589 -0.0643448 -0.187261 -0.195601 -0.195252 -0.188337 -0.16234 -0.142808 -0.0549454 -0.195369 -0.186354 -0.102198 -0.0403075 -0.19628 -0.19824 -0.184824 -0.148076 -0.0425942 -0.198799 -0.183681 -0.105002 -0.1905 -0.189187 -0.1423 -0.158553 -0.133711 -0.0826603 -0.153808 -0.195931 -0.193316 -0.189779 -0.150749 -0.159278 -0.124848 -0.0689204 -0.189433 -0.163118 -0.115893 -0.194323 -0.185025 -0.189687 -0.185377 -0.150819 -0.0686964 -0.165061 -0.136693 -0.0658573 -0.187798 -0.195419 -0.193758 -0.179242 -0.0947504 -0.0634245 -0.138784 -0.0800911 -0.130256 -0.186826 -0.171912 -0.123702 -0.0301027 -0.0966671 -0.0517548 -0.188045 -0.172843 -0.122621 -0.113282 -0.18896 -0.174214 -0.136112 -0.182032 -0.145529 -0.173378 -0.161335 -0.174321 -0.188926 -0.166028 -0.135515 -0.19917 -0.179531 -0.132014 -0.0915501 -0.225621 -0.189854 -0.187369 -0.158194 -0.107757 -0.183307 -0.172251 -0.184759 -0.172037 -0.132356 -0.195098 -0.195272 -0.186162 -0.162561 -0.187084 -0.182911 -0.190458 -0.173796 -0.179284 -0.184577 -0.175397 -0.134813 -0.184931 -0.167643 -0.191942 -0.185822 -0.169998 -0.158175
internal_weight=354134 321639 321534 321456 111.752 77.7299 83.0983 321344 518.046 27.8869 490.159 320826 2338.96 25.5201 2313.44 133.792 30.3476 2179.64 23.8374 16.0221 1266.91 318487 210436 3513.36 173.53 109.91 17.3497 206923 1142.38 38.0097 21.1672 108051 16369.3 655.503 87.7064 19.4918 15713.8 375.585 24.5648 567.797 351.021 29.9836 102.163 52.1316 28.1177 56.9251 91681.5 8413.33 1164.74 38.6083 92.5603 32.8362 15.528 466.321 73.0739 23.1559 393.247 49.918 3339.83 1613.36 105.629 15.6114 90.0178 41.0111 15.8049 1507.73 205781 18830 1590.98 131.043 98.6445 61.029 28.7545 21.29 1459.94 418.977 88.1536 43.8351 25.5772 17.7334 3377.13 191.706 33.0543 23.302 3185.43 181.987 30.9828 151.004 29.5286 234.818 128.142 103.915 335.409 62.8003 31.0471 15338.2 102.326 21.3031 13.4626 57.8387 3003.44 73.9281 27.8991 12.1164 158.651 104.842 330.824 130.906 31.4349 17239.1 16980.3 1448.91 54.4687 1394.44 809.663 1272.91 104.151 609.577 99.4714 77.2859 20.684 82.9381 44.547 1168.76 462.488 106.108 83.7888
internal_count=1726548 85588 80251 77262 1939 2989 492 75323 773 214 559 74550 2971 594 2377 1074 995 1303 64 63 992 71579 46088 1651 201 171 59 44437 1078 567 559 25491 6380 435 131 77 5945 347 86 304 261 51 134 90 82 83 19111 2637 858 228 112 64 48 495 144 90 351 54 1450 928 140 51 89 61 47 788 43359 5817 1610 901 881 211 199 123 709 420 224 217 81 80 1525 164 59 52 1361 151 52 99 42 203 136 85 269 78 63 5598 116 54 48 82 1210 72 63 59 105 91 196 150 50 4207 3969 657 49 608 453 585 87 371 100 94 58 51 43 498 262 114 108
is_linear=0
shrinkage=0.05


Tree=4
num_leaves=128
num_cat=0
split_feature=22 17 6 3 8 8 6 3 10 1 18 3 0 4 18 18 14 6 10 1 9 19 14 4 10 1 7 4 16 2 18 4 18 3 7 11 10 3 16 9 4 0 10 0 12 10 3 3 2 2 17 4 2 18 10 11 10 4 2 7 3 10 5 2 2 11 9 6 4 14 11 4 4 16 16 13 4 11 4 2 16 2 16 1 15 10 4 1 1 10 6 9 11 1 4 7 16 19 14 3 16 2 13 19 13 18 18 2 2 1 3 18 0 18 1 4 4 6 3 14 4 5 2 2 2 1 4
split_gain=551499 1951.93 572.522 718.857 161.234 301.344 47.211 48.2088 109.863 43.6818 80.731 38.9321 204.141 98.2071 50.6486 232.642 128.25 36.1739 72.8352 28.6853 75.702 27.1068 25.3761 24.8504 111.881 305.24 137.527 159.771 176.316 79.4822 73.7128 58.1117 26.8518 91.6297 25.5703 51.3161 36.7199 49.7388 87.2924 39.5031 30 83.7219 23.8382 65.0668 54.3413 61.3952 123.586 28.124 24.8291 28.6473 25.8605 78.4752 24.5712 25.8262 68.0616 95.5437 30.6463 22.6801 41.794 21.419 52.3814 104.706 38.3084 37.2832 62.7514 79.3285 21.3452 42.1334 106.152 37.5697 42.6926 60.0333 31.0945 66.8066 27.3687 35.6716 105.033 20.8355 20.5631 31.2586 48.4125 59.206 22.5554 70.8804 20.1861 21.992 72.1147 19.4008 19.1152 70.644 18.6833 19.8179 21.6156 44.2661 102.689 18.5185 27.866 75.7229 86.4012 18.2713 18.1842 29.4438 17.4193 18.5403 22.1552 17.1327 18.0258 62.48 96.2844 31.1349 17.2348 73.083 16.6971 66.0952 15.528 14.3846 37.391 99.9409 14.278 26.2882 25.7461 13.9547 48.986 70.4322 13.6445 18.7512 37.3553
threshold=10.500000000000002 59.000000000000007 3.5000000000000004 25.220000267028812 3.5000000000000004 5.5000000000000009 2.5000000000000004 22.340000152587894 0.39499999582767492 0.0096143959090113657 286.50000000000006 9.0199999809265154 9694.1142578125018 1.0000000180025095e-35 754.50000000000011 1365.0000000000002 0.69499999284744274 1.0000000180025095e-35 0.78999999165534984 0.00032096981885842984 0.28499999642372137 79.069999694824233 0.49500000476837164 61.710000991821296 0.99500000476837169 0.0012817049282602968 1.0000000180025095e-35 55.540000915527351 17401.000000000004 785580.71875000012 2958.0000000000005 57.334999084472663 2958.0000000000005 22.340000152587894 1.5000000000000002 0.095000002533197417 0.59499999880790722 25.220000267028812 3517.0000000000005 0.095000002533197417 53.155000686645515 153.33653259277347 0.49500000476837164 39.979852676391609 0.25000000745058065 0.2950000017881394 20.779999732971195 33.899999618530281 92.17752838134767 341.42948913574224 81.500000000000014 189.55000305175784 2924.3300781250005 214.50000000000003 0.19500000029802325 0.32500000298023229 0.19500000029802325 97.204998016357436 5333.8618164062509 1.5000000000000002 31.460000038146976 0.19500000029802325 4.5000000000000009 20613.349609375004 172.04237365722659 0.27500000596046453 0.49500000476837164 1.0000000180025095e-35 82.750000000000014 0.39499999582767492 0.27500000596046453 103.64999771118165 76.704998016357436 1017.5000000000001 866.50000000000011 0.69499999284744274 96.634998321533217 0.095000002533197417 234.90000152587893 144.01515197753909 1469.5000000000002 3.2513130903244023 24806.500000000004 0.00013195514475228268 0.2950000017881394 0.090454548597335829 98.340000152587905 0.0041211855132132777 0.0056972622405737647 0.78999999165534984 1.5000000000000002 0.38499999046325689 0.18500000238418582 0.015194046311080458 47.250000000000007 1.0000000180025095e-35 1049.5000000000002 123.08499908447267 0.49500000476837164 16.839999198913578 900.50000000000011 22.156110763549808 0.69499999284744274 102.9300003051758 0.38499999046325689 1485.0000000000002 4356.0000000000009 926925.62500000012 962054.21875000012 0.0028886605286970739 29.579999923706058 2930.0000000000005 288.16868591308599 264.50000000000006 0.00034407019848003989 64.895000457763686 94.579998016357436 1.0000000180025095e-35 14.419999599456789 0.2950000017881394 70.274997711181655 7.5000000000000009 6254.0000000000009 785580.71875000012 2441.380004882813 0.0075288056395947942 53.155000686645515
decision_type=2 2 2 2 2 2 2 2 2 2 2 2 2 2 2 2 2 2 2 2 2 2 2 2 2 2 2 2 2 2 2 2 2 2 2 2 2 2 2 2 2 2 2 2 2 2 2 2 2 2 2 2 2 2 2 2 2 2 2 2 2 2 2 2 2 2 2 2 2 2 2 2 2 2 2 2 2 2 2 2 2 2 2 2 2 2 2 2 2 2 2 2 2 2 2 2 2 2 2 2 2 2 2 2 2 2 2 2 2 2 2 2 2 2 2 2 2 2 2 2 2 2 2 2 2 2 2
left_child=1 -1 4 -4 6 17 11 8 -8 10 -5 12 14 -14 21 16 -16 -6 -19 -12 -21 -3 84 24 34 26 27 114 29 31 -31 -29 33 -33 90 36 37 100 -39 124 -41 -42 43 52 59 46 -46 78 -49 -50 -51 -52 53 56 55 -55 118 -9 -59 -45 62 -62 63 64 -61 -66 74 68 72 -69 71 -71 73 -68 75 -64 -77 95 -44 80 -80 82 83 -82 85 86 -23 105 -60 -90 -13 121 93 -93 -95 -54 -97 98 -98 -99 101 -36 103 104 -58 -27 107 109 -109 110 -107 -112 -24 -114 -26 -106 117 -117 -25 -120 -121 -92 -123 -124 125 -38 -127
right_child=-2 2 3 9 5 -7 7 57 -10 -11 19 23 13 -15 15 -17 -18 18 -20 20 -22 22 112 42 25 87 -28 28 -30 30 -32 32 -34 -35 35 -37 39 38 -40 40 41 -43 47 44 45 -47 -48 48 49 50 51 -53 77 54 -56 -57 102 58 88 60 61 -63 66 -65 65 -67 67 69 -70 70 -72 -73 -74 -75 -76 76 -78 -79 79 -81 81 -83 -84 -85 -86 -87 -88 -89 89 -91 91 92 -94 94 -96 96 97 99 -100 -101 -102 -103 -104 -105 115 106 -108 108 -110 -111 111 -113 113 -115 -116 116 -118 -119 119 120 -122 122 123 -125 -126 126 -128
leaf_value=0.050980055499630042 0.050980055499630042 -0.17260985412074714 0.051191087450189465 0.054360475160670198 -0.16679679075109047 0.050980055499630042 0.058580205262472942 -0.16306362406550048 -0.15813871426525028 -0.19235597734961096 -0.19992531010800249 -0.16920716201833819 -0.14929099817270244 0.053316023687668669 -0.17679255506652608 -0.16842235310990089 0.052319399599022022 0.05404412558743147 -0.17381086817085162 0.060286705388597796 -0.1918199397144193 0.063193123643022375 -0.16486785322345787 -0.17969771405235047 -0.17494049471926348 -0.17793545681513337 -0.1748015354421559 0.056095611481840307 0.059439908562384569 -0.10520921120137912 0.061349347136224142 -0.19999762711841607 -0.17222607059911349 0.057964573265575074 -0.15514226753734381 -0.17173079743382946 -0.17311208578314341 0.066019253172822492 -0.15283755173338118 -0.14839070244248703 0.06505735705814307 -0.15953272785510986 -0.16978415319837029 -0.16936282743379458 -0.14896028018860294 -0.15748196438729012 0.06314080679972868 -0.16727752530920675 -0.07824431931772878 -0.15677048087086229 0.060495858439407926 -0.15194000244009254 -0.16349265614039774 0.065493223824930127 -0.14940151078882291 -0.16293255269933912 -0.071874895957287008 -0.15737514704166367 -0.13866815656620854 -0.16378791598018164 0.058545812989850267 -0.14862490896576055 -0.16593870645623376 -0.17352183917772071 0.066310607563063215 -0.13162502971464005 -0.16849571925382428 -0.16584032295002715 0.06465534193076368 0.063606449651723573 -0.16722208973347158 -0.1294728867592391 -0.17926826946740984 0.063039750625850169 -0.17495714137829071 0.065135270290996625 -0.15967446497024584 -0.16906374180830488 -0.16021873098161113 -0.16602536647911226 -0.16510921266016923 0.050979720400018913 -0.15705119984822258 0.055008413622474474 -0.16481889484602116 -0.1372462715264374 -0.15731866852994447 -0.16855321832804471 0.064878009556502969 -0.13880816756195358 -0.16773328684828812 -0.14896352415078182 -0.16894203735289492 -0.17726174392761315 0.065355977170074353 -0.16824012832556343 0.067287556193600995 -0.10966835019640098 -0.14607320698894105 -0.15927519134095272 -0.16332638672142843 -0.062571676166910159 -0.16191131659390476 -0.16264307360924135 -0.16973186007607408 -0.17028783313324913 -0.16270280238287721 -0.16657403085368344 0.06547737852168449 -0.16454450052194455 0.063411329802422964 -0.13418120714133042 0.056147508716233724 -0.15370461598507237 -0.11782527527186624 0.067462161652800764 -0.14820460876229197 -0.13953115122748633 -0.17237462056207531 -0.18035401495196079 -0.070794949564125506 -0.17258981794233594 0.064827084252689571 -0.15251949378022484 -0.16747106833454586 -0.15313138077933242 -0.062153674854942935
leaf_weight=100.6280311010778 30939.961385726929 1006.1799408048391 66.387659426778555 5.5204371549189082 70.423285972326994 23.304524347186089 8.6000500991940516 377.5494990888983 18.273409884423018 56.535016696900129 15.669817378744485 20821.071474567056 9.5606129243969935 15.974363544955848 8.5092415288090724 114.57508659735322 21.645148517563939 5.9605504311621162 8.5211057662963867 4.7116738799959395 8.0911086108535528 6.181797554716467 1236.9182711653411 193.0125278532505 25.619892504066229 59.088080793619156 42.499444887042046 4.0856993664056054 32.06896954216063 12.148752547800543 14.657018868252633 7.7969679832458478 25.736404031515121 6.163778493180871 18.671978309750557 484.55873046442866 34.469260573387146 8.9164652731269598 9.31686020642519 19.150025628507137 7.6525771394371995 9.0648028552532196 254914.2014009729 60623.689663119614 18.99581249803305 73.042368277907372 10.757082669064401 411.25675625726581 14.061517450958489 229.21412335895002 5.6621472556144026 18.720324272289872 2860.1408316195011 9.366443257778883 123.86864028684795 8.9538475126028061 14.727317880839108 64.390424365177751 10.027248220518233 17.957059636712074 7.7556655630469313 28.551590144634247 62.058989591896534 25.799533560872078 9.8489618152380007 10.414797954261301 8.6779260635375959 745.79533386602998 7.0279350578784934 6.4775486234575519 17.652408346533775 10.636759787797928 25.283105872571468 4.8604266867041579 777.48384172841907 7.2613844238221672 18.262846853584051 1866.2789659239352 90.002029269933701 1055.2865325137973 8.8834879249334318 5.9911654852330676 18.294354766607285 6.2165903598070136 44.622204467654228 50.470957018435001 9.2638348713517171 705.25857561640441 7.4184935782104739 9.9884856566786766 343.2383427284658 38.250984732061625 35.118104547262192 8.5069654397666472 8.9495843201875669 105.1453552544117 9.3194402139633894 23.312887907028198 9.666666254401207 91.086137395352125 35.993952807039022 15.9084405452013 171.16287832893431 62.729169845581055 26.063197530806065 8.6304278597235662 115.9110144674778 8.8047312349081057 9.0803385525941831 88.550827646628022 6.0694348420947817 20.437256678938866 4.1705613657832137 37.402771612629294 22.221875190734863 8.2009330689907092 66.945814399048686 20.182092595845461 60.544098779559135 8.3420550674200058 15.012565422803164 34.646924816071987 6.2042925618588898 9.3366145491600037 228.73813588917255 37.65203495323658 16.110728211700916
leaf_count=5337 1640960 311 3402 136 45 1236 125 288 11 52 9 4637 9 585 6 79 989 202 1 53 7 44 630 62 16 18 7 123 468 31 144 1 4 164 16 204 14 54 7 16 44 4 41153 16806 13 32 78 695 30 202 92 23 1443 61 112 4 34 60 15 13 118 19 33 10 55 15 1 421 64 40 9 18 17 51 302 48 16 980 28 308 4 318 8 223 26 55 9 168 49 10 197 33 22 5 58 40 51 37 8 57 27 42 119 30 8 2 35 3 52 40 79 21 124 104 33 44 62 44 32 2 43 21 47 5 102 33 46
internal_value=-0.151408 -0.169201 -0.169264 -0.0737789 -0.169307 -0.108283 -0.169326 -0.153914 -0.0887843 -0.165424 -0.120633 -0.169347 -0.16321 -0.0225426 -0.164625 -0.135901 -0.0123335 -0.151997 -0.0800273 -0.154562 -0.0990398 -0.16636 -0.161833 -0.169392 -0.16782 -0.153045 -0.0953757 -0.0729467 -0.0377777 -0.0819445 -0.0141373 -0.123459 -0.141939 -0.0861053 -0.168628 -0.160495 -0.148167 -0.11943 -0.0458121 -0.1554 -0.105666 -0.056724 -0.169506 -0.168675 -0.169144 -0.13282 -0.0722757 -0.169727 -0.159564 -0.147711 -0.151563 -0.102608 -0.163588 -0.155392 -0.136098 -0.0461474 -0.159633 -0.157643 -0.135357 -0.169204 -0.163816 -0.104371 -0.165045 -0.12708 -0.0957307 -0.0354207 -0.166482 -0.160736 -0.114153 -0.163472 -0.112666 -0.0563948 -0.146523 -0.0853718 -0.171972 -0.145475 -0.0957184 -0.16489 -0.169754 -0.163181 -0.139986 -0.0937526 -0.119718 -0.0744884 -0.13885 -0.12127 -0.0690633 -0.163937 -0.0836782 -0.0520013 -0.168981 -0.159272 -0.138221 -0.118854 -0.052877 -0.162376 -0.148992 -0.133819 -0.0413438 -0.149166 -0.13845 -0.112556 -0.150218 -0.140153 -0.129789 -0.153654 -0.148082 -0.136112 -0.0487604 -0.148742 -0.108918 -0.088937 -0.16382 -0.132653 -0.148411 -0.136815 -0.127815 -0.0797229 -0.172212 -0.154992 -0.109928 -0.164132 -0.139506 -0.0657497 -0.161028 -0.144325 -0.125869
internal_weight=382864 351924 351823 156.916 351666 108.209 351558 496.248 26.8735 90.5281 33.993 351062 2565.47 25.535 2539.94 144.729 30.1544 84.9049 14.4817 28.4726 12.8028 2395.21 1389.03 348497 23446.4 1214.83 192.999 150.499 102.658 70.5886 26.8058 43.7828 39.6972 13.9607 22231.5 926.204 441.645 88.8077 18.2333 352.838 35.8674 16.7174 325050 68272.4 62518.3 102.795 29.7529 256778 678.915 267.658 253.597 24.3825 5754.06 789.112 142.189 18.3203 646.923 469.374 91.8247 62415.5 1791.81 36.3073 1755.5 64.0204 38.2208 20.2638 1691.48 826.411 45.8494 780.562 34.7667 17.1143 38.8215 13.5384 865.067 87.5832 25.5242 4964.95 256099 1184.67 129.388 39.3856 33.3944 15.1001 110.539 65.9166 15.4456 1021.83 27.4342 17.407 21305.3 484.252 90.8256 55.7075 17.4565 3098.67 238.53 133.385 18.9861 114.399 70.5744 34.5804 370.011 198.849 136.119 316.572 257.484 141.573 17.8851 123.688 35.1371 26.5067 1278.49 41.5733 47.8418 121.392 95.3288 28.383 276.911 83.8987 23.3546 393.426 50.1878 15.5409 316.97 88.232 53.7628
internal_count=1726548 85588 80251 3659 76592 1484 75108 558 136 257 205 74550 2971 594 2377 1074 995 248 203 69 60 1303 992 71579 7043 1409 991 984 935 467 175 292 169 165 5634 609 405 146 61 259 64 48 64536 21452 18179 123 91 43084 1042 347 317 115 3273 657 177 65 480 422 134 18056 1250 137 1113 93 83 70 1020 621 133 488 67 58 69 52 399 97 64 2616 42042 889 581 553 235 227 134 108 53 418 74 59 5025 388 118 96 63 1636 193 153 59 94 85 58 341 222 192 250 232 197 55 142 102 100 858 228 49 158 150 88 139 77 45 270 73 52 195 93 79
is_linear=0
shrinkage=0.05


Tree=5
num_leaves=128
num_cat=0
split_feature=22 17 6 3 8 8 10 0 3 12 12 14 1 10 9 3 4 17 0 3 1 16 4 7 4 4 5 0 4 17 4 19 6 10 6 4 1 5 18 18 3 6 19 19 2 12 11 18 16 3 16 1 1 4 17 7 3 10 5 18 2 3 10 1 2 19 9 2 14 11 2 10 9 4 2 16 2 16 1 16 13 3 9 6 4 4 2 18 3 16 17 1 11 3 4 18 2 3 4 1 9 2 13 17 3 19 16 18 2 18 18 18 2 11 18 18 10 19 0 0 1 4 3 4 19 4 2
split_gain=442497 1552.41 440.194 588.069 119.663 247.966 54.5248 84.5738 36.324 30.2964 93.9201 90.8357 30.2138 65.6458 29.8487 79.2627 27.1695 151.482 167.569 67.8808 123.102 87.2575 102.476 43.4976 38.7596 91.7316 27.1097 180.251 88.5031 49.6561 94.0131 53.229 26.7816 60.5708 25.8308 40.8671 48.2583 96.3805 24.9867 110.462 22.3865 41.9064 21.1899 47.6743 20.7779 20.4481 19.4111 19.381 81.6387 19.1053 26.3822 81.7327 18.9231 33.7099 96.7577 17.7094 51.606 84.3922 28.053 36.8756 37.6849 80.9588 15.7075 18.1527 65.6257 69.1834 15.5499 32.3302 68.3497 18.2564 21.0674 38.9197 73.4375 15.4761 22.6932 36.8188 49.9077 17.4305 59.0407 15.0893 26.6967 113.789 18.2345 44.7728 82.2964 33.1074 67.6914 18.3273 17.1295 21.0601 29.2534 27.4894 86.8284 15.7699 14.5219 21.311 113.755 14.4209 19.4073 14.1004 25.0182 43.026 57.0853 68.0058 22.0762 18.9381 16.9199 183.009 450.709 14.6954 14.3096 92.1484 198.378 208.084 57.2041 124.245 42.1276 62.7409 29.7378 64.8205 13.737 13.2399 14.4159 13.0909 29.6266 29.6582 94.086
threshold=10.500000000000002 59.000000000000007 3.5000000000000004 25.220000267028812 3.5000000000000004 5.5000000000000009 0.49500000476837164 39.979852676391609 33.899999618530281 0.25000000745058065 0.35000000894069677 0.39499999582767492 0.0096143959090113657 0.2950000017881394 0.28499999642372137 48.20000076293946 60.145000457763679 218.50000000000003 3044.413696289063 30.979999542236332 0.0021094083786010747 15142.000000000002 55.540000915527351 1.5000000000000002 59.524999618530281 57.334999084472663 1.0000000180025095e-35 9694.1142578125018 1.0000000180025095e-35 77.500000000000014 59.524999618530281 174.0100021362305 1.0000000180025095e-35 0.78999999165534984 2.5000000000000004 83.134998321533217 0.0075288056395947942 1.5000000000000002 1365.0000000000002 768.50000000000011 27.220000267028812 1.0000000180025095e-35 113.12500000000001 126.00500106811525 2924.3300781250005 0.034999999217689044 0.27500000596046453 2930.0000000000005 1285.5000000000002 31.979999542236332 36975.000000000007 0.00037078499735798692 0.0096143959090113657 60.805000305175788 60.500000000000007 1.5000000000000002 31.460000038146976 0.19500000029802325 4.5000000000000009 385.50000000000006 19.124191284179691 20.779999732971195 0.69499999284744274 0.0075288056395947942 580.84393310546886 64.194999694824233 0.28499999642372137 2734.556518554688 0.095000002533197417 0.095000002533197417 2734.556518554688 0.39499999582767492 0.17500000447034839 234.90000152587893 144.01515197753909 1469.5000000000002 3.2513130903244023 24806.500000000004 0.00013195514475228268 866.50000000000011 0.69499999284744274 27.659999847412113 0.49500000476837164 1.0000000180025095e-35 82.750000000000014 76.704998016357436 962054.21875000012 680.50000000000011 23.500000000000004 1049.5000000000002 62.500000000000007 0.015194046311080458 0.27500000596046453 26.020000457763675 116.32500076293947 155.50000000000003 121.0363121032715 13.620000362396242 53.155000686645515 0.012030446436256172 0.58499997854232799 15157.383300781252 0.89499998092651378 62.500000000000007 23.939999580383304 135.48999786376956 2979.5000000000005 1462.5000000000002 186932.96875000003 155.50000000000003 791.50000000000011 1293.0000000000002 134237.54687500003 0.095000002533197417 1031.5000000000002 1128.5000000000002 0.2950000017881394 196.40000152587893 541.83990478515636 118.69642639160158 0.015194046311080458 103.64999771118165 16.020000457763675 98.340000152587905 106.36000061035158 128.02500152587893 172.04237365722659
decision_type=2 2 2 2 2 2 2 2 2 2 2 2 2 2 2 2 2 2 2 2 2 2 2 2 2 2 2 2 2 2 2 2 2 2 2 2 2 2 2 2 2 2 2 2 2 2 2 2 2 2 2 2 2 2 2 2 2 2 2 2 2 2 2 2 2 2 2 2 2 2 2 2 2 2 2 2 2 2 2 2 2 2 2 2 2 2 2 2 2 2 2 2 2 2 2 2 2 2 2 2 2 2 2 2 2 2 2 2 2 2 2 2 2 2 2 2 2 2 2 2 2 2 2 2 2 2 2
left_child=1 -1 4 -4 6 32 7 44 16 26 -11 -12 13 -5 15 -15 17 19 49 23 21 24 -23 -8 25 47 27 29 -29 42 -31 -32 -6 -34 55 -36 -37 -38 39 -33 62 -42 46 -44 45 66 -9 48 -21 -19 51 -51 53 -45 -55 99 58 -58 59 60 -57 -62 63 -25 65 -65 69 68 -68 70 94 72 -72 -18 75 -75 77 78 -77 80 -60 -82 87 84 85 86 -84 -81 89 -85 91 92 -91 -89 95 96 -3 98 -97 110 106 105 103 -103 -105 -102 109 108 -108 -101 -28 112 114 -114 -112 -116 117 -117 119 -115 -48 -111 -123 -71 125 126 -125
right_child=-2 2 3 12 5 -7 8 9 -10 10 11 -13 -14 14 -16 -17 73 18 -20 20 -22 22 -24 40 -26 -27 34 28 -30 30 31 38 33 -35 35 36 37 -39 -40 -41 41 -43 43 52 -46 -47 120 -49 -50 50 -52 -53 -54 54 -56 56 57 -59 79 -61 61 -63 -64 64 -66 -67 67 -69 -70 123 71 -73 -74 74 -76 76 -78 -79 -80 82 81 -83 83 88 -86 -87 -88 93 -90 90 -92 -93 -94 -95 -96 97 -98 -99 -100 100 101 102 -104 104 -106 -107 107 -109 -110 121 111 -113 113 118 115 116 -118 -119 -120 -121 -122 122 -124 124 -126 -127 -128
leaf_value=0.050931345704377788 0.050931345704377788 -0.15281190231832611 0.051134576774586916 0.055652169895057328 -0.14771690425284353 0.050931345704377788 -0.15065564681995836 -0.15228698042357627 -0.1401048686871631 -0.14315587314716394 0.063376793467090103 -0.14460842767446538 -0.16542874716540604 0.05878311465176355 -0.18119791390460135 -0.1816974728019001 -0.15089552691904984 -0.14876322872189615 0.056527130917254392 -0.13362680270377844 -0.14372053198719703 -0.14290208513966354 0.062136599340424439 -0.15231032090345353 -0.13754762855119196 0.060940051756625736 -0.15144780712280673 -0.13262240602895922 0.053612649550924166 0.05130513277585054 0.057092964744001266 -0.14219970497301213 0.053855301250434397 -0.15405757313708335 -0.14435190806569742 -0.13348275867001844 -0.15368344426555444 0.065266583311227713 -0.15288873549436025 0.050995853528492334 -0.043811315755845084 -0.12998184787805594 -0.053668057367511082 -0.14537329116466544 -0.14515981909966413 -0.15630614005598226 -0.14187725952013988 -0.14964790465886033 0.065601208049971979 -0.15461914828932496 -0.1586384236943118 0.064755801621804956 -0.14996561826604354 -0.12794214089853731 0.062961266506901759 -0.1574929156511361 0.058517927659621653 -0.1253752343305469 -0.14624020827035272 -0.14186551967444544 0.066797030268095123 -0.13400696537874957 -0.1510473137619161 -0.12087555037118694 -0.13549756669307975 0.065281539391150792 -0.14085757514694591 -0.17496768646600602 0.065355681606712027 -0.14668570444139778 0.06814078597351618 -0.13228306111689112 -0.13109682285982366 -0.14300976554842246 -0.14767819750670944 -0.14614280720669007 0.050931031824272721 -0.14008464045427949 0.054785974926800034 -0.15594722118265614 0.065038446093543659 -0.14260503237472019 0.061660076346420359 -0.1661139425967019 0.063809658109314535 -0.15675956599285643 -0.15156463858189645 -0.14649338900742134 -0.14863274764835818 0.067220241456200813 -0.13762854115581344 -0.14256902871411364 -0.14632011699972927 -0.097108081074069527 -0.14621814319793558 -0.15243333517597277 0.067181035473330444 -0.13547122342493531 -0.061139394683219855 -0.1442884046019518 -0.13599053583845433 0.067777286378196425 -0.1361913818926028 -0.15821451458193678 -0.060665206288727083 -0.17984057490284244 -0.14814319903408901 -0.14897762871406997 0.062959884048306464 -0.15061426077025994 -0.15010216011378472 -0.15027882923434588 0.059733728070915239 -0.12538184061802482 0.06369763445489357 -0.13259867399230119 -0.13826719668112247 0.059912662520921194 -0.16860721336318152 0.063382544602497218 -0.10535877673361459 -0.14339893335014173 -0.14923349181091614 -0.16039043267428546 -0.14697740761172126 -0.1332602510618677 0.068175159550961914
leaf_weight=95.809579331427813 29458.438692092896 18.638491153717045 63.217923985794187 5.2426504567265502 75.40072987228632 22.188615337014198 10888.866813750938 1332.1419930867851 800.98420023545623 134.57980186864734 11.695796478539705 9.524933859705925 62.282198922708631 5.8384902048856029 16.616397857666016 8.2941274642944336 275285.31716201641 27.945869274437428 17.887295089662075 20.495290398597721 946.88015919551253 9.5752978920936602 16.760201005265117 55.748009711503983 69.178438801318407 9.3957550618797523 26431.411720752716 10.205748483538629 17.014875097200274 7.9269687049090853 3.8147792387753716 38.821291355416179 5.6892287079244825 9.1158809661865234 183.84876799955964 30.418769136071205 9.1883616894483584 11.095782743766902 65.431016311049461 9.140826437622307 18.296118691563606 61.655245877802372 16.562197908759117 67.217748461291194 5856.992219991982 127.44975269213319 97.189109429717064 18.738456025719643 6.8641851246356955 9.1434208694845456 8.9754810333251971 7.9265985321253529 197.04022988863289 31.09012452699244 8.4390435218811017 9.0955551117658633 7.7819506097584954 31.465299427509308 85.698295272886753 58.548861309885979 9.9193601533770561 10.161504503339529 158.69264495372772 10.896976888179781 90.308398067951202 9.2085903286933881 9.6891495883464831 8.5716604776680487 6.8656465373933306 390.05783307552338 8.474726639688015 30.48323105275631 10.181576825678349 95.629930794239044 1125.0727621242404 9.516407832503317 5.7042836248874655 19.451572835445404 5.9368075281381598 876.19689220562577 8.5184382293373329 29.263722859323025 6.2548541575670216 26.405545610934496 6.7715244740247718 27.406299494206905 9.1925878524780273 47.581386158242822 1037.4482447840273 9.5338741838932037 50.051161020994186 9.7700939029455203 9.5076964348554611 24.482289558276534 123.92209918797016 9.2417271099984664 8.581684956327079 180.2711521871388 15.728860206902025 1189.2847035620362 60.183745622634888 8.4687125310301763 59.913324173539877 9.1085444092750549 15.966380327939987 41.671866595745087 84.956030866131186 1693.4213847927749 35.997409000992775 19501.381301634014 400.43020503968 17905.113203398883 26.315641820430756 21.154818773269657 9.3738547470420581 10.383756296709182 98.432774133980274 7.1442377232015124 17.432485153898597 5.793387208133935 35.03463464230299 1352.5651113241911 4872.4187764115632 8.9220685958862322 66.300608169287443 20.232232585549355 9.0890508424490672
leaf_count=5337 1640960 14 3402 113 45 1236 1780 426 1092 57 91 5 52 89 2 1 41966 7 444 21 373 3 144 22 82 129 5924 9 614 399 105 52 202 1 177 50 3 86 47 503 51 48 39 86 3004 37 52 8 52 3 1 57 91 40 139 3 120 25 42 38 56 10 67 13 64 52 4 6 56 213 51 22 8 28 308 4 318 8 223 270 54 28 73 8 64 17 1 27 473 53 45 8 4 48 68 5 63 138 37 551 53 59 48 4 48 10 57 322 425 4836 155 4216 404 45 96 26 53 101 10 58 42 532 1299 1 27 20 54
internal_value=-0.135675 -0.150308 -0.15036 -0.0678273 -0.150395 -0.0988113 -0.150411 -0.149301 -0.150738 -0.149767 -0.12774 -0.0299775 -0.144353 -0.107884 -0.135766 -0.0823497 -0.150767 -0.148484 -0.0761076 -0.148904 -0.137034 -0.0951095 -0.0124132 -0.150057 -0.112578 -0.081451 -0.149811 -0.143969 -0.0162119 -0.14579 -0.115343 -0.126613 -0.135645 -0.0741619 -0.149959 -0.133392 -0.0936494 -0.0339139 -0.132794 -0.10538 -0.133964 -0.110263 -0.147925 -0.136277 -0.143997 -0.13753 -0.150473 -0.110473 -0.0836427 -0.120049 -0.0892404 -0.0527507 -0.140781 -0.123826 -0.0871864 -0.15001 -0.145775 -0.0889129 -0.146724 -0.118981 -0.0730595 -0.0348157 -0.139797 -0.129052 -0.117309 -0.0356134 -0.134944 -0.0961474 -0.0553363 -0.136027 -0.128163 -0.0974717 -0.0405921 -0.15087 -0.145344 -0.126072 -0.0861838 -0.108592 -0.0689501 -0.147799 -0.130803 -0.0957893 -0.148779 -0.144664 -0.0981699 -0.123765 -0.0652274 -0.153954 -0.146683 -0.127465 -0.114524 -0.0743869 -0.0394032 -0.129716 -0.132394 -0.125025 -0.0834549 -0.130539 -0.0949277 -0.150147 -0.149286 -0.131451 -0.106952 -0.0547264 -0.0961003 -0.153931 -0.149407 -0.144734 -0.085316 -0.149722 -0.150701 -0.149635 -0.130301 -0.0516652 -0.140875 -0.111396 -0.12555 -0.0541329 -0.11772 -0.0848008 -0.132201 -0.149973 -0.147966 -0.142474 -0.126762 -0.0917158 -0.0450481
internal_weight=405126 375667 375571 161.492 375410 112.394 375298 85486.5 289811 78576.8 155.801 21.2207 98.2739 35.9917 30.749 14.1326 289010 12463.4 71.8787 12391.6 1097.89 151.008 26.3355 11293.7 124.672 55.4937 78421 1937.07 27.2206 1909.85 125.135 117.208 90.2058 14.8051 76483.9 234.552 50.7029 20.2841 113.393 47.9621 404.806 79.9514 1784.72 320.349 6909.69 1052.7 1464.37 46.0979 27.3595 53.9914 26.0455 17.07 303.787 106.747 39.5292 76249.4 2391.06 39.2473 2351.81 87.7253 29.1764 20.0809 324.855 166.162 110.414 20.1056 925.252 25.1265 16.5548 900.125 405.524 49.1395 18.6563 276547 1261.31 136.239 40.6091 34.9048 15.4532 2264.08 123.48 37.7822 2140.6 1192.34 49.6253 42.8537 15.4474 948.261 1142.72 105.268 78.8628 28.8117 19.0416 72.0637 356.384 232.462 27.2202 205.242 24.9706 73858.3 28925.3 195.313 93.457 33.5436 25.0749 101.856 28730 1814.37 120.953 26915.6 44933 18501.6 596.461 70.6963 525.765 125.335 115.961 17.528 44.3807 26.9482 132.224 25726.4 6224.98 494.602 104.544 38.2434 18.0111
internal_count=1726548 85588 80251 3659 76592 1484 75108 27740 47368 23912 153 96 257 205 92 90 46276 3421 512 2909 812 439 147 2097 292 210 23759 2644 623 2021 1106 707 248 203 21115 316 139 89 602 555 317 99 915 395 3828 824 520 81 73 68 61 60 356 265 179 20799 1467 145 1322 107 69 66 218 151 129 65 787 66 60 721 406 81 59 42855 889 581 553 235 227 1215 124 82 1091 746 155 91 74 345 591 118 110 65 57 75 325 257 77 180 42 19332 8244 222 159 111 52 63 8022 804 482 7218 11088 5164 948 517 431 276 180 127 113 103 94 6667 1831 315 102 75 55
is_linear=0
shrinkage=0.05


Tree=6
num_leaves=128
num_cat=0
split_feature=22 17 6 3 8 8 10 0 3 11 6 19 10 6 14 0 10 4 7 18 19 19 2 5 0 4 17 18 18 4 7 2 18 3 9 1 9 6 0 19 1 15 9 6 10 1 10 11 4 0 3 4 1 3 2 19 19 18 14 14 4 16 4 4 3 2 4 6 4 18 10 5 9 18 5 4 4 4 12 18 4 1 2 3 18 15 19 2 18 14 4 3 4 14 3 13 4 1 10 4 4 16 0 1 3 4 1 16 19 16 5 17 2 6 0 18 4 4 6 19 4 10 4 4 4 2 16
split_gain=365752 1274.55 351.006 494.359 92.866 208.884 75.6384 66.0325 40.7386 35.0509 36.1583 59.2918 90.3962 30.678 27.7797 72.2144 23.7576 69.9901 23.1287 26.0141 37.8598 40.524 97.4344 22.4449 142.383 77.315 62.4561 102.989 123.79 47.9649 23.3259 24.3414 46.2445 102.082 44.5789 79.0927 26.4089 62.058 67.8521 122.181 24.289 71.214 20.8982 20.5506 51.5504 19.4175 19.1979 33.9214 20.4719 19.6598 26.6337 79.4712 66.1055 19.5955 21.79 18.4559 54.1102 18.1787 65.4905 17.6022 81.5067 17.3154 32.2391 56.1213 17.2933 25.9637 84.9651 17.1756 41.9104 72.4486 25.346 33.1774 61.9353 16.2113 25.3833 115.59 17.4665 15.6579 18.5967 53.1374 15.6424 21.0868 15.2051 15.0972 34.6274 23.9988 52.1064 90.4502 26.8007 31.2037 32.5917 74.4637 15.606 69.8848 67.6022 15.0859 14.9359 97.8837 123.773 98.2346 223.938 44.5729 44.2294 37.4725 21.589 39.3308 137.858 93.7134 37.2321 82.4729 13.5618 16.1718 16.6558 13.4747 13.4139 18.8972 24.3536 64.1299 13.0977 33.5854 37.1329 86.4231 13.1468 13.0312 12.992 19.2642 27.1194
threshold=10.500000000000002 59.000000000000007 3.5000000000000004 25.220000267028812 3.5000000000000004 5.5000000000000009 0.39499999582767492 57.849126815795906 33.899999618530281 0.095000002533197417 1.5000000000000002 135.48999786376956 0.2950000017881394 2.5000000000000004 0.2950000017881394 203.9387130737305 0.2950000017881394 111.3050003051758 1.5000000000000002 110.50000000000001 68.314998626708999 73.325000762939467 42.29893875122071 1.0000000180025095e-35 9694.1142578125018 1.0000000180025095e-35 62.500000000000007 1365.0000000000002 754.50000000000011 63.995000839233406 1.0000000180025095e-35 84555.488281250015 1312.5000000000002 24.020000457763675 0.28499999642372137 0.015194046311080458 0.49500000476837164 1.0000000180025095e-35 75.307971954345717 132.25000000000003 0.0075288056395947942 0.095000002533197417 0.17500000447034839 1.0000000180025095e-35 0.78999999165534984 2.117991425620858e-05 0.78999999165534984 0.095000002533197417 98.93500137329103 153.33653259277347 25.659999847412113 65.915000915527358 0.012030446436256172 20.779999732971195 2107.2353515625005 89.215000152587905 87.940002441406264 401.50000000000006 0.69499999284744274 0.19500000029802325 97.614997863769545 948.50000000000011 92.625000000000014 72.915000915527358 28.439999580383304 5027.9067382812509 79.040000915527358 1.5000000000000002 59.524999618530281 6420.0000000000009 0.090454548597335829 2.5000000000000004 0.49500000476837164 155.50000000000003 6.5000000000000009 96.634998321533217 108.45000076293947 70.954998016357436 0.034999999217689044 1293.0000000000002 64.594997406005874 0.0075288056395947942 2199.7712402343755 17.640000343322757 364.50000000000006 0.19500000029802325 100.60499954223634 17366.740234375004 345.50000000000006 0.69499999284744274 67.18500137329103 16.020000457763675 161.20500183105472 0.69499999284744274 16.839999198913578 0.49231183528900152 62.725000381469734 0.00059536099433898937 0.99500000476837169 55.540000915527351 60.145000457763679 9244.0000000000018 4109.0615234375009 0.00029999970865901565 30.979999542236332 59.524999618530281 0.0028886605286970739 18700.000000000004 209.42499542236331 14546.000000000002 4.5000000000000009 62.500000000000007 2343.7299804687505 1.0000000180025095e-35 75.307971954345717 1650.5000000000002 66.555000305175795 76.704998016357436 1.5000000000000002 126.00500106811525 68.805000305175795 0.2950000017881394 87.11999893188478 88.440002441406264 234.90000152587893 144.01515197753909 1469.5000000000002
decision_type=2 2 2 2 2 2 2 2 2 2 2 2 2 2 2 2 2 2 2 2 2 2 2 2 2 2 2 2 2 2 2 2 2 2 2 2 2 2 2 2 2 2 2 2 2 2 2 2 2 2 2 2 2 2 2 2 2 2 2 2 2 2 2 2 2 2 2 2 2 2 2 2 2 2 2 2 2 2 2 2 2 2 2 2 2 2 2 2 2 2 2 2 2 2 2 2 2 2 2 2 2 2 2 2 2 2 2 2 2 2 2 2 2 2 2 2 2 2 2 2 2 2 2 2 2 2 2
left_child=1 -1 4 -4 6 43 7 9 18 10 42 12 -12 23 55 -16 17 -5 45 20 80 22 -22 24 26 -26 -9 28 29 -28 67 36 33 -33 35 -35 73 38 -38 40 -40 -42 83 -6 -45 -8 47 48 49 50 53 52 -52 54 -21 56 -15 58 -31 -56 -61 62 63 -53 95 -66 -67 -25 69 -69 71 -70 -73 74 -32 -76 -75 78 79 -36 81 -20 -14 84 85 88 -87 -88 92 90 -90 -92 -3 94 -94 118 97 98 -47 -100 -101 102 -102 -104 -99 106 107 108 -106 -110 111 112 -78 -48 -63 116 -116 -118 -11 120 -120 -122 -121 -55 -98 126 -126
right_child=-2 2 3 16 5 -7 8 13 -10 64 11 -13 82 14 15 -17 -18 -19 19 46 21 -23 -24 30 25 -27 27 -29 -30 57 31 32 -34 34 77 -37 37 -39 39 -41 41 -43 -44 44 -46 96 113 -49 -50 -51 51 61 -54 123 59 -57 -58 -59 -60 60 -62 114 -64 -65 65 66 -68 68 70 -71 -72 72 -74 76 75 -77 110 -79 -80 -81 -82 -83 -84 -85 -86 86 87 -89 89 -91 91 -93 93 -95 -96 -97 124 104 99 100 101 -103 103 -105 105 -107 -108 -109 109 -111 -112 -113 -114 -115 115 -117 117 -119 119 122 121 -123 -124 -125 125 -127 -128
leaf_value=0.050885100946941902 0.050885100946941902 -0.12706990395183093 0.051080739084774313 0.05663271653132658 -0.13320728575655183 0.050885100946941902 -0.13047012698356406 -0.1349511985956591 -0.1255182221795548 -0.13236629626232466 0.062983035351487443 -0.14411252920560258 -0.15569036902516298 0.065555342852603934 0.064341371370121303 -0.14270642223971344 -0.13871005605349077 -0.16093373658439913 -0.13563958799841477 -0.13413501830215097 -0.14541341332420538 -0.11472309172268091 0.070729527753112587 -0.1360611433637515 -0.11964986190172022 0.053459832093563642 0.056819008683265594 -0.13461136126661857 0.051916947738596578 -0.14540478442500601 -0.13026209130487551 0.064339012684761249 -0.1296797534348581 0.067910557127119173 0.064114121485814843 -0.13767950476987653 -0.14286768020879667 -0.13071561881393354 -0.12223064150164438 0.070446718065089814 0.06541264141018624 -0.13801132750063497 -0.11840414796075885 0.053674852235370545 -0.13920052162290961 -0.13239096002083342 -0.13920873743718118 -0.13704060732780438 -0.13306124555319196 -0.13430638912535822 -0.096298283853296585 -0.10375830199734802 0.069541273584288285 -0.13119536768647277 -0.1171653823734455 -0.1271486326155466 -0.13644920593337886 -0.12562054685520643 0.063440420744870912 0.073483470939290682 -0.13574057444043006 -0.13226536174988765 -0.12662336273931904 0.074134497997042165 -0.13513791478896295 0.069568095821297624 -0.1245331224721197 0.070073416472381883 -0.1274689226504005 -0.14017839696793516 -0.13278653401415835 0.061850151160576253 -0.12247945667178184 -0.13703117143811303 0.066364144066396638 -0.13679529760980499 -0.12814764130907891 -0.13899866005798031 -0.14792968938887902 -0.12698516678144239 -0.13750162380846062 -0.075307883926618677 -0.073460403160206342 -0.13264061015877929 -0.13695976677296248 -0.12014993884555053 0.07219509448648985 -0.13915402577480712 -0.13206185438204049 -0.12357062191120641 0.074657889462441437 -0.1132341116035593 0.072293481579963001 -0.13551930742432902 -0.10857275621849921 -0.13709468116128476 -0.13661803926142457 -0.13636864855193959 -0.1338799401397715 0.058028848117974298 0.069280655725196788 -0.1225371403109584 0.056268019759091216 -0.1384983180354985 -0.12258323159778861 -0.13466313543662142 -0.12958067058129091 0.064491234359888724 0.064305341493873777 -0.10008826088583056 -0.13109388752230161 -0.12365122512617166 -0.047200065878294555 -0.12945272585704812 -0.13745476753209313 -0.13745476753209315 -0.11711918819317327 0.073222227411511923 -0.12734216251093317 -0.17788992175832655 0.067332832206976667 -0.14057808532066904 -0.11933743798693018 -0.10283455032769435 -0.12885376962158232 -0.13365399250127741 -0.080021095760189162
leaf_weight=91.217631815001369 28046.558947563171 1945.989691503346 60.196532316505909 6.2923607472330305 79.321908764541149 21.125162623822689 1339.8358901143074 1537.5689288582653 858.47254413180053 2937.9122258163989 12.108997376635669 29.277524501085281 9.0785593874752539 5.0243725106120083 7.4620757810771474 9.667259443551302 89.122088372707367 8.9604193046689034 29.638113290071487 19.968840539455414 9.4367502778768557 33.005235835909843 11.651877686381338 45288.559082036838 10.731833171099426 16.166194539517164 4.7720637395977965 119.80496191978455 18.53071185015142 9.4408129900693876 575.09999660030007 9.2361092884093505 653.01447215676308 8.9517082143574953 5.6500957775861016 9.7990923896431923 38.123209424316883 1417.5287661124021 31.410486221313477 14.248644314706324 7.6707369685173044 9.7973810583353043 450.74149767123163 5.4294962789863321 9.5714273452758789 257.21862816438079 1749.1736125387251 1151.0140216201544 509.13877318426967 187.95235246792436 12.35563436150551 11.636465340852739 11.698291316628454 303.03338687121868 10.849931180477144 113.4477546531707 9.7446993123739958 41.262724271044135 6.2315081860870114 8.807603731751442 9.8727102130651474 89.80009201169014 20.514539837837219 7.1624835133552542 39.761766474694014 7.6850797683000591 21.1658566147089 7.1805262006819257 30.623254142701626 9.5418233871459961 618.22992091067135 8.0299803707748652 10.536896772682667 5240.7737105991691 9.1934230923652631 29.364715242758393 10.139883428812029 58.556203151121736 9.3133984822779894 10.213055469095707 127.07021050155163 28.323820218443871 14.764210317283867 2306.2183680422604 690.37349693849683 63.582795277237892 10.663215611129999 9.6378228962421417 9.9383159428834933 41.795603863894939 10.22341763228178 10.890134021639824 9.4786124378442764 49.274460390210152 11.356048554182053 2469.2582677938044 295041.68979069218 18664.383648758754 49.586561135947704 33.590504625812173 6.76894676499069 52.192380893975496 3.3233659304678413 9.6129861529916525 31.437898322939873 2658.8285765890032 562.25114922784269 12.837204247713087 11.19949935376644 23.932088747620583 410.93291026353836 62.273962754756212 17.023615002632141 443.70569177344441 9.6239843368530291 19.247968673706055 10.810799553990366 7.4918814934790126 20.413255605846643 17.02408255264163 10.511260809376836 9.529693603515625 21.943884812295437 46.751911953091621 90.397251516580582 1169.463003937155 41.476590365171432
leaf_count=5337 1640960 1025 3402 122 45 1236 994 584 1097 1218 118 41 2 60 65 12 127 8 12 10 2 30 58 10880 9 611 141 72 947 2 260 89 340 57 56 5 14 797 33 101 76 9 355 202 1 103 458 333 227 67 18 12 60 160 9 102 4 41 98 41 4 34 10 33 20 42 22 53 23 1 288 98 11 1581 87 13 4 44 2 6 43 57 47 913 171 47 54 2 3 26 48 7 46 18 11 1044 41883 2909 28 664 58 60 81 3 19 598 205 78 108 42 167 32 38 175 1 2 8 36 13 13 83 1 39 49 27 307 553
internal_value=-0.123572 -0.135993 -0.136036 -0.0630299 -0.136067 -0.0912291 -0.13608 -0.13456 -0.136396 -0.13106 -0.1283 -0.0912876 -0.0482693 -0.135256 -0.112314 -0.0525099 -0.128841 -0.0711792 -0.136425 -0.133008 -0.116926 -0.0801304 -0.0259902 -0.135315 -0.129765 -0.0156078 -0.131532 -0.105251 -0.0614131 -0.0954462 -0.135494 -0.133111 -0.124594 -0.0948678 -0.109216 -0.03953 -0.133938 -0.128014 -0.0901973 -0.058389 -0.0959461 -0.0486822 -0.12873 -0.123058 -0.0693904 -0.136477 -0.133837 -0.130793 -0.125248 -0.120196 -0.115774 -0.100897 -0.0156445 -0.123238 -0.0937931 -0.120304 -0.0677282 -0.108208 -0.0623654 -0.0665132 -0.0370933 -0.112529 -0.0832796 -0.0359804 -0.133884 -0.108938 -0.07283 -0.135942 -0.128079 -0.0498969 -0.130038 -0.095495 -0.0427588 -0.135353 -0.127629 -0.088356 -0.136179 -0.124821 -0.0918467 -0.0589199 -0.127683 -0.106158 -0.104771 -0.12963 -0.127205 -0.124105 -0.0978827 -0.0281419 -0.125158 -0.0953644 -0.0573991 -0.0222547 -0.126235 -0.103059 -0.0262887 -0.134196 -0.136502 -0.135256 -0.111119 -0.0758367 -0.0485525 -0.0983471 -0.0342764 -0.0884626 -0.135709 -0.131982 -0.120871 -0.0592016 -0.0830545 -0.0476817 -0.127254 -0.109609 -0.077417 -0.137235 -0.120925 -0.0993366 -0.0730643 -0.0392063 -0.131825 -0.111789 -0.0798775 -0.0315311 -0.144917 -0.127405 -0.136596 -0.131611 -0.113495
internal_weight=421978 393931 393840 164.571 393675 115.448 393560 67761.5 325798 11240.6 5685.39 65.2293 35.9518 56520.9 145.346 17.1293 104.375 15.2528 324940 4879.74 239.126 54.0939 21.0886 56375.5 1764.51 26.898 1737.61 200.043 80.2378 61.7071 54611 8638.32 764.734 111.72 102.484 18.7508 7873.58 1518.78 101.25 63.1272 48.8786 17.4681 5620.16 94.3228 15.0009 320060 4640.61 2447.73 1296.72 787.579 599.627 200.342 24.0539 399.284 49.4991 128.217 14.7691 56.935 15.6723 29.5302 18.6803 176.288 39.3135 18.7989 5555.21 68.6127 28.8509 45972.7 684.142 16.7223 667.42 49.1901 18.5669 6354.8 613.658 38.5581 5741.14 83.7328 25.1765 15.8632 185.032 57.9619 23.8428 5169.42 2863.2 2172.83 83.8838 20.301 2088.95 72.8475 31.0519 21.1136 2016.1 70.1091 20.8347 5486.59 318720 22377.2 412.293 155.075 105.488 71.8977 19.7053 12.9364 21964.9 3300.49 641.658 79.4067 66.5695 35.1316 500.37 89.4375 27.1635 2192.88 136.975 47.1746 27.9267 18.3027 3017.33 79.4222 40.4542 20.041 38.968 349.785 296343 1301.34 131.874
internal_count=1726548 85588 80251 3659 76592 1484 75108 23342 51766 5429 2934 208 167 17913 243 77 257 130 50669 1949 202 90 60 17670 2505 620 1885 1301 1229 282 15165 3811 599 259 170 62 3212 1030 233 219 118 85 2726 248 203 48720 1747 1114 781 554 487 214 78 273 64 166 64 141 100 54 45 136 55 45 2495 84 64 11354 474 54 420 132 109 2182 360 100 1822 108 64 62 112 69 49 2371 1458 1287 103 56 1184 84 58 55 1100 75 57 2411 47726 4956 997 894 866 202 142 84 3959 1050 452 247 169 150 241 74 42 633 81 47 45 44 1367 149 97 84 52 209 42770 887 580
is_linear=0
shrinkage=0.05


Tree=7
num_leaves=128
num_cat=0
split_feature=22 17 6 3 10 8 16 1 3 7 1 6 4 5 11 9 6 4 16 7 6 10 5 5 0 4 17 4 18 2 2 4 10 4 18 19 5 2 18 3 9 10 9 6 4 4 11 10 18 14 4 2 4 2 4 3 6 18 18 0 2 1 19 16 19 4 1 2 1 1 0 4 3 5 4 2 2 4 12 18 19 18 19 2 13 4 11 14 4 9 19 10 10 2 14 5 18 3 6 13 4 3 2 10 13 1 15 16 2 2 18 5 4 4 1 6 14 15 3 16 2 19 0 19 2 17 0
split_gain=309071 1071.3 289.548 422.326 102.976 156.421 222.239 66.6296 45.9678 28.5104 27.7154 22.3905 27.1079 64.6003 23.5014 42.4363 81.8051 149.987 32.135 21.3712 27.3152 30.2957 79.597 24.7776 113.541 67.829 49.0133 81.0183 46.3962 88.1001 43.3463 19.7574 82.7791 19.6965 35.7641 35.702 72.7397 19.3025 40.6761 87.0783 38.2245 69.3784 24.1242 50.4668 63.3996 280.019 17.3655 28.6601 17.0706 57.2625 16.8519 17.8655 15.5434 33.4286 18.6365 73.1754 14.6432 17.3097 35.0612 19.3411 49.572 30.2905 56.4457 24.5226 29.2323 14.5234 22.9421 85.0924 33.1984 14.0539 32.2293 34.0981 124.965 27.3339 44.6652 70.6678 27.0558 13.1903 16.0585 48.1563 12.9419 12.8293 20.1708 12.768 34.7296 99.5138 93.4172 13.3585 12.5917 16.1349 22.9983 16.36 15.0824 37.2998 125.673 15.0663 12.0142 21.3969 23.0154 43.7777 70.4066 47.0753 99.4084 26.2169 30.7213 92.5059 14.0478 20.1178 23.521 81.0418 12.7058 12.0082 15.7035 16.1027 11.9952 41.0828 58.4906 11.7722 14.0078 34.9885 31.7311 70.613 11.4768 30.6811 49.8443 11.3005 33.0485
threshold=10.500000000000002 59.000000000000007 3.5000000000000004 25.220000267028812 0.39499999582767492 2.5000000000000004 980.50000000000011 0.019557798281311992 33.899999618530281 1.5000000000000002 2.117991425620858e-05 2.5000000000000004 75.264999389648452 6.5000000000000009 0.095000002533197417 0.28499999642372137 1.0000000180025095e-35 96.634998321533217 1191.5000000000002 1.0000000180025095e-35 1.5000000000000002 0.090454548597335829 4.5000000000000009 1.0000000180025095e-35 9694.1142578125018 1.0000000180025095e-35 62.500000000000007 59.524999618530281 1365.0000000000002 19995.520507812504 64.026817321777358 93.514999389648452 0.49500000476837164 116.32500076293947 110.50000000000001 69.555000305175795 6.5000000000000009 84555.488281250015 1312.5000000000002 24.020000457763675 0.28499999642372137 0.090454548597335829 0.58499997854232799 1.5000000000000002 115.53499984741212 63.885000228881843 0.095000002533197417 0.78999999165534984 401.50000000000006 0.69499999284744274 60.145000457763679 50.427221298217781 161.20500183105472 5963.8889160156259 198.44999694824222 19.979999542236332 1.0000000180025095e-35 301.50000000000006 317.50000000000006 57.849126815795906 8019.2138671875009 0.027578556910157207 135.48999786376956 980.50000000000011 90.860000610351577 100.03499984741212 5.9092046740261148e-06 1363.294128417969 6.9451332365133575e-06 0.012030446436256172 75.307971954345717 102.24499893188478 24.420000076293949 6.5000000000000009 53.155000686645515 4339.3264160156259 14361.039062500002 70.954998016357436 0.034999999217689044 1293.0000000000002 113.12500000000001 336.50000000000006 160.11000061035159 829.44546508789074 0.59499999880790722 95.31000137329103 0.18500000238418582 0.19500000029802325 108.45000076293947 0.38499999046325689 100.60499954223634 0.19500000029802325 0.090454548597335829 5027.9067382812509 0.59499999880790722 4.5000000000000009 364.50000000000006 17.640000343322757 1.0000000180025095e-35 0.49231183528900152 73.314998626708999 12.219999790191652 70.561363220214858 0.19500000029802325 0.38499999046325689 0.027578556910157207 0.19500000029802325 931.50000000000011 1297.5333251953127 17366.740234375004 390.50000000000006 6.5000000000000009 58.350000381469734 60.145000457763679 0.0075288056395947942 1.0000000180025095e-35 0.49500000476837164 0.095000002533197417 9.0199999809265154 1334.5000000000002 92.17752838134767 123.08499908447267 118.69642639160158 174.0100021362305 4804.8942871093759 81.500000000000014 3468.8466796875005
decision_type=2 2 2 2 2 2 2 2 2 2 2 2 2 2 2 2 2 2 2 2 2 2 2 2 2 2 2 2 2 2 2 2 2 2 2 2 2 2 2 2 2 2 2 2 2 2 2 2 2 2 2 2 2 2 2 2 2 2 2 2 2 2 2 2 2 2 2 2 2 2 2 2 2 2 2 2 2 2 2 2 2 2 2 2 2 2 2 2 2 2 2 2 2 2 2 2 2 2 2 2 2 2 2 2 2 2 2 2 2 2 2 2 2 2 2 2 2 2 2 2 2 2 2 2 2 2 2
left_child=1 -1 4 -4 5 7 -7 19 9 10 65 14 -13 -14 15 52 -17 -18 -19 20 23 22 -22 24 26 -26 80 -28 29 30 -29 32 -5 34 35 114 -37 42 39 -39 41 -41 83 44 45 -44 47 69 49 -32 51 -23 96 -54 55 -55 -12 -58 59 60 63 62 -62 64 -59 66 -6 68 -68 -36 73 72 -72 74 -71 -76 -77 78 79 -42 -3 82 -82 84 -21 86 -86 -85 89 -89 91 -91 93 -92 -95 122 97 98 106 101 -101 102 -100 -103 -105 -106 -9 -108 -109 -110 -98 112 -45 -114 -11 116 -116 118 119 120 -16 -122 123 124 -90 -10 -127
right_child=-2 2 3 31 8 6 -8 11 125 33 56 12 13 -15 117 16 17 18 -20 37 21 50 -24 -25 25 -27 27 28 -30 -31 48 -33 -34 -35 46 36 -38 38 -40 40 77 -43 43 111 -46 -47 -48 -49 -50 -51 -52 -53 53 54 -56 -57 57 58 -60 -61 61 -63 -64 -65 -66 -67 67 -69 -70 70 71 -73 -74 -75 75 76 -78 -79 -80 -81 81 -83 -84 87 85 -87 -88 88 95 90 92 -93 -94 94 -96 -97 110 -99 99 100 -102 103 -104 104 105 -107 107 108 109 -111 -112 -113 113 -115 115 -117 -118 -119 -120 -121 121 -123 -124 -125 -126 126 -128
leaf_value=0.050841188851702163 0.050841188851702163 -0.12480952858359994 0.051029441152725112 0.057265487720146904 -0.11668995517999199 0.05485930995866839 -0.11573815424426855 -0.11667651128895784 -0.11711614479256943 -0.12288481671628036 -0.12540746020189195 -0.11433558066569577 0.062854366957494037 -0.12322147860814203 -0.13135156772868056 -0.11251320140833387 0.072179359375660723 -0.1475505605464881 -0.051890549479354266 -0.1215318858671588 -0.10368890272026821 -0.13234196603678994 0.060990786965631455 -0.12463479467592908 -0.10922826664932364 0.053185257144823417 0.052476063025466917 0.055826928760021412 -0.12218410156898696 0.053962295052298229 -0.13695450832076059 -0.13236298625435639 -0.12435743904946893 -0.12664254852546183 -0.11848099131004133 -0.096185820844900738 0.070410491519270688 0.06353828309171114 -0.1188145915382951 -0.12393872840274173 0.063877303131713192 0.066569451157699897 -0.1194621467895088 -0.13475377486623391 -0.13180043369734545 0.071355556718696103 -0.12559326460235384 -0.12314348429725042 -0.1249907271181451 0.063754424221103445 -0.11946797644965 -0.047352342423357147 -0.11381751751022945 0.074350946896114475 -0.10861249978286838 -0.11884288719516774 -0.12574380706854421 -0.11653594895044526 -0.12408272940335173 -0.11964545261470164 0.075692401096982609 -0.11802373036495882 -0.085223831723037935 -0.1169059055864155 -0.031554717259586217 -0.12578390321238075 -0.053525936975742511 -0.14025636175490427 0.072292897946849718 -0.13278248312134652 -0.097169681274758224 -0.12254801860017731 0.072242086384524715 -0.1171568035695076 0.073948319231996185 -0.038615194537881897 -0.12247792378659764 -0.12603557615729508 -0.13437124868551023 -0.11632321251222025 -0.044293679935458102 -0.11737313136563317 -0.11760092688604562 -0.1280717901965904 0.070403065702265996 -0.12653208309108877 -0.086801139947652373 -0.12503624000075372 -0.090518874556310858 -0.10605068250821251 -0.14921709340250264 -0.045879993909956888 -0.12102111863439202 0.067765829334882857 -0.13843867358221065 -0.1188653612239195 -0.13201629570799064 -0.12172052635184788 -0.15930764218921753 -0.11797475631585486 0.065834274368722287 -0.14195542333529115 0.063725881992748548 -0.12162003858799225 -0.1178177420387576 0.068106482831457177 -0.1162678710248974 -0.12435829370690697 0.073125130259677026 -0.13132034119583511 -0.12051063400147305 -0.12848768654750101 -0.12620606245688909 -0.046778591223213081 0.068893951224303182 -0.11704335904859367 -0.10527662681375992 -0.12518054927046907 -0.12098278779758231 -0.12115363439927967 0.077679332897036227 -0.10784668856407334 -0.1131148113933278 -0.11760572882996677 0.078061205729318753 -0.039567258425895591 -0.10986487165369421
leaf_weight=86.841949386522174 26701.173930168152 1421.8632311858237 57.316820036619902 7.8399544805288306 909.18075947463512 29.793742408975959 53.139914574101567 2020.2415403015912 673.92458027228713 72.300285518169403 298089.77861924935 32.764437414705753 8.5169777274131775 10.311624439433217 9.8036193847656268 195.2456713989377 18.55612051859498 19.014667715877295 16.309461381286383 527.06839203834534 57.148950930684805 9.8266581296920794 8.4185405839234573 46780.855718590319 11.156119011342527 15.169948745518921 8.656547296792267 4.3515467382967463 125.23769436776638 11.668083934113382 9.6389665603637678 70.258471170440316 31.401625774800777 1360.6429104059935 463.03810595721006 24.111656084656715 8.9969374537467939 8.8935636933892948 697.04717071354389 10.291135642677547 5.7071819845587024 8.9223649203777295 63.180077008903027 19.571763172745705 49.351583920419216 27.635844308882952 1203.2978423535824 1300.9240184165537 40.531477998942137 5.6289205141365519 711.51912607811391 16.677532425150275 151.49058187752962 9.3052011877298355 11.030127435922624 10.356555581092834 12246.654841538519 21.125527501106262 17178.226145451888 1661.8104941751808 9.6273716650903243 10.636880561709402 12.558625012636183 349.44336970150471 19.423720568418503 439.74135945737362 16.531987726688389 29.348113283514977 7.677661567926406 29.665136069059372 47.258996993303299 30.897131830453873 14.142974399030207 404.62265935540199 8.7288396060466749 17.94592447578907 20.723674312233925 61.273274596780539 9.7287073563784379 10.58136647939682 16.882305946201086 159.08744127489626 21.125798285007477 1333.1376820392907 15.068909512832759 70.75211763381958 25.344229372218251 3710.7248360607773 12.219809815287592 34.00714422762394 18.589318871498108 16.91600140184164 1602.6283222138882 11.943017024546863 19.37792956829071 356.36647713556886 304.89544159546494 1792.7228978872299 8.9550571441650408 10.792078193277122 10.071927646175025 58.685293147340417 11.300556233152745 52.434312364086509 21.056278437376022 9.8057383373379725 42.300504792481661 10.095015078783037 9.5868693143129349 9.8045177459716797 1126.4346986059099 212.23066706582904 10.117616534233095 17.278613952919841 8.2607887983322144 53.236329406499863 11.573960229754448 2052.5067411009222 3633.8725541513413 72.595650799572468 9.5364881455898303 11.096659690141676 43.262591749429703 21.042677283287048 6.8385486751794806 18.198538966476917 205.64744360744953
leaf_count=5337 1640960 417 3402 154 841 1438 76 898 576 29 41260 33 73 5 1 116 108 12 39 194 106 5 108 10832 9 608 420 148 72 534 1 73 30 361 212 28 45 89 352 7 58 57 44 5 11 181 315 428 36 87 362 42 94 45 7 3 2404 9 3225 585 45 6 13 168 49 64 37 17 36 8 42 11 69 229 41 39 9 44 2 6 34 124 11 374 119 25 32 1008 12 31 4 36 689 104 8 163 59 653 1 11 69 60 90 31 9 54 19 2 45 1 459 85 3 47 43 30 12 651 1732 31 42 7 25 10 30 85 436
internal_value=-0.113958 -0.124754 -0.124792 -0.0589319 -0.124819 -0.123079 -0.0544514 -0.12316 -0.125182 -0.125212 -0.125269 -0.119727 -0.086861 -0.0390515 -0.119872 -0.11766 -0.0974619 -0.0429204 -0.103383 -0.123851 -0.124259 -0.115116 -0.0825448 -0.12441 -0.118737 -0.0156402 -0.120224 -0.0972349 -0.103812 -0.0717738 -0.0961641 -0.11649 -0.0880716 -0.121495 -0.119612 -0.0977736 -0.0509149 -0.121615 -0.114263 -0.0867661 -0.0993172 -0.0354705 -0.122341 -0.110354 -0.0861841 -0.0613951 -0.120713 -0.118201 -0.108017 -0.0629577 -0.11801 -0.078863 -0.118546 -0.104177 -0.0565935 -0.0274112 -0.125299 -0.124274 -0.12334 -0.117216 -0.107668 -0.0486545 -0.015396 -0.112635 -0.0758286 -0.118255 -0.114817 -0.0830152 -0.0136247 -0.112 -0.106772 -0.0797061 -0.0581484 -0.111959 -0.0846665 -0.0545523 -0.0835586 -0.11337 -0.0835429 -0.0531846 -0.123145 -0.111138 -0.0850396 -0.122953 -0.116175 -0.0907786 -0.0281842 -0.123555 -0.122526 -0.123187 -0.119158 -0.0860628 -0.120178 -0.0931105 -0.0598107 -0.114389 -0.119022 -0.117635 -0.114416 -0.0974178 -0.0292425 -0.106185 -0.0348778 -0.116358 -0.098324 -0.0587443 -0.115904 -0.0941687 -0.0624658 -0.030245 -0.122962 -0.123425 -0.100548 -0.0761117 -0.108446 -0.0941591 -0.032738 -0.122138 -0.120467 -0.102287 -0.0572883 -0.0220979 -0.0952535 -0.075984 -0.0300287 -0.113883 -0.10415
internal_weight=434262 407561 407474 166.817 407307 70327 82.9337 70244 336980 336082 331002 11771.5 51.593 18.8286 11719.9 5930.49 249.126 53.8802 35.3241 58472.5 49435.4 803.591 65.5675 48631.9 1851 26.3261 1824.67 205.713 197.057 71.819 60.1509 109.5 39.2416 5080.37 3719.73 178.48 33.1086 9037.1 812.445 115.398 106.504 19.2135 8224.65 399.366 140.168 90.8159 3541.25 2337.95 55.7994 15.2679 738.023 26.5042 5681.37 182.182 30.6919 19.6618 329599 31509.5 19262.9 2084.63 422.815 32.8229 22.186 389.993 40.5492 1402.48 962.739 53.5578 24.2096 1037.02 573.985 92.2991 61.402 481.686 77.0636 47.3984 38.6696 87.2905 26.0173 16.2885 1618.96 197.096 38.0081 7825.29 638.234 111.165 40.4131 7187.05 5853.92 5414.19 1703.46 50.9231 1652.54 49.9103 31.3209 439.73 5499.18 4067.85 2275.13 183.101 20.864 162.237 20.2556 141.982 83.2963 30.862 2092.03 71.7869 29.4864 19.3914 1431.33 259.199 46.968 27.3962 145.371 73.0711 19.8347 5789.41 3736.9 103.032 30.4368 20.6331 83.3636 40.101 19.0584 897.771 223.846
internal_count=1726548 85588 80251 3659 76592 24785 1514 23271 51807 50710 48759 5460 111 78 5349 2885 275 159 51 17811 13956 623 214 13333 2501 617 1884 1298 878 806 272 257 184 1951 1590 187 73 3855 615 263 174 64 3240 376 236 225 1403 1088 124 88 409 47 2610 149 55 48 47764 6504 4100 875 290 64 58 226 58 995 931 90 73 660 448 122 111 326 97 89 48 110 66 64 586 169 45 2864 370 176 151 2494 2120 1880 872 67 805 116 112 240 2461 1943 1290 325 80 245 91 154 94 63 965 67 48 46 518 140 55 50 114 85 55 2464 1813 81 50 49 77 52 42 1097 521
is_linear=0
shrinkage=0.05


Tree=8
num_leaves=128
num_cat=0
split_feature=22 17 6 3 10 8 16 1 1 7 6 3 17 10 7 5 3 0 4 18 4 1 19 3 2 10 6 4 18 19 11 11 10 7 9 4 2 14 18 1 18 18 9 8 9 6 11 1 11 18 4 2 1 6 3 0 0 4 4 0 18 0 2 19 4 2 4 18 11 3 4 10 14 2 19 4 14 3 2 4 19 3 3 10 0 2 3 18 18 5 11 2 4 4 1 14 16 1 3 13 10 9 4 2 16 2 16 1 15 3 4 14 5 7 4 3 14 5 6 15 18 2 4 1 19 3 3
split_gain=265654 916.821 244.028 366.405 123.404 128.9 195.329 68.378 53.4843 35.2987 24.4022 23.8906 23.3593 23.034 20.2329 72.6264 19.3242 67.9959 64.3676 27.6938 22.0183 59.9056 18.5459 60.1496 22.7794 52.2769 18.139 16.9093 30.3428 26.6039 65.8691 16.8607 18.9258 16.3049 57.4663 53.0398 77.7413 44.5864 34.1597 69.9925 21.3821 74.652 80.7207 15.9026 15.8424 24.7732 74.932 56.7697 14.6439 24.5134 54.0809 90.148 14.4665 13.6 20.6468 17.3285 50.7166 13.576 41.3418 94.5017 13.0905 13.0477 14.9041 24.0154 112.867 12.7625 18.9801 12.4495 15.3024 13.9941 20.7968 23.827 87.0741 15.2665 21.5283 13.8998 53.0809 59.9206 14.5586 29.7383 91.9902 13.8629 64.6716 12.3542 21.5359 52.9015 120.037 15.4414 31.3791 13.5494 21.0114 17.3716 25.6675 77.6387 18.3621 25.1813 23.3935 86.78 12.281 29.6679 34.6079 74.9449 11.9621 18.4085 26.1631 40.5766 14.7963 47.5586 11.7846 16.9993 43.7678 61.8343 11.7243 10.9373 11.1972 25.1461 10.7711 14.0798 27.5916 58.6031 60.5903 11.4846 18.1452 10.4592 14.4637 91.8784 72.0456
threshold=10.500000000000002 59.000000000000007 3.5000000000000004 25.220000267028812 0.39499999582767492 2.5000000000000004 980.50000000000011 0.027578556910157207 6.9451332365133575e-06 1.5000000000000002 1.0000000180025095e-35 33.899999618530281 73.500000000000014 0.090454548597335829 1.5000000000000002 7.5000000000000009 8.3799996376037615 8033.0644531250009 60.145000457763679 339.50000000000006 56.694999694824226 0.019557798281311992 120.13000106811525 48.20000076293946 3063.6669921875005 0.99500000476837169 1.0000000180025095e-35 107.14999771118165 110.50000000000001 69.555000305175795 0.18500000238418582 0.095000002533197417 0.78999999165534984 1.0000000180025095e-35 0.49500000476837164 70.764999389648452 8767.9448242187518 0.19500000029802325 432.50000000000006 0.0041211855132132777 1031.5000000000002 1392.5000000000002 0.28499999642372137 1.0000000180025095e-35 0.58499997854232799 1.5000000000000002 0.18500000238418582 0.019557798281311992 0.32500000298023229 385.50000000000006 100.61499786376955 7173.4167480468759 1.4950036984373584e-05 2.5000000000000004 24.819999694824222 203.9387130737305 57.849126815795906 107.14999771118165 63.995000839233406 203.9387130737305 248.50000000000003 153.33653259277347 3063.6669921875005 102.9300003051758 85.950000762939467 1.4115151166915896 210.54999542236331 1512.5000000000002 0.095000002533197417 17.640000343322757 62.085000991821296 0.2950000017881394 0.19500000029802325 12553.139648437502 186.20999908447268 161.20500183105472 0.69499999284744274 16.839999198913578 2283.4711914062505 117.14999771118165 61.764999389648445 19.180000305175785 19.979999542236332 0.49500000476837164 39.979852676391609 4339.3264160156259 18.380000114440922 312.50000000000006 317.50000000000006 7.5000000000000009 0.095000002533197417 6536.1643066406259 47.250000000000007 92.625000000000014 0.012030446436256172 0.19500000029802325 1017.5000000000001 0.027578556910157207 27.659999847412113 0.89499998092651378 0.78999999165534984 0.17500000447034839 234.90000152587893 144.01515197753909 1469.5000000000002 3.2513130903244023 24806.500000000004 0.00013195514475228268 0.095000002533197417 9.0199999809265154 131.34999847412112 0.99500000476837169 6.5000000000000009 1.5000000000000002 79.040000915527358 26.819999694824222 0.59499999880790722 1.5000000000000002 1.0000000180025095e-35 0.095000002533197417 264.50000000000006 12553.139648437502 72.915000915527358 0.015194046311080458 372.25000000000006 24.819999694824222 31.979999542236332
decision_type=2 2 2 2 2 2 2 2 2 2 2 2 2 2 2 2 2 2 2 2 2 2 2 2 2 2 2 2 2 2 2 2 2 2 2 2 2 2 2 2 2 2 2 2 2 2 2 2 2 2 2 2 2 2 2 2 2 2 2 2 2 2 2 2 2 2 2 2 2 2 2 2 2 2 2 2 2 2 2 2 2 2 2 2 2 2 2 2 2 2 2 2 2 2 2 2 2 2 2 2 2 2 2 2 2 2 2 2 2 2 2 2 2 2 2 2 2 2 2 2 2 2 2 2 2 2 2
left_child=1 -1 4 -4 5 7 -7 10 12 11 16 26 65 14 -12 60 17 19 -19 -3 21 -21 24 -24 25 -5 102 28 29 -11 -31 32 61 123 40 36 -36 -37 -39 -40 -35 42 -42 83 53 46 57 -48 49 50 51 -22 -13 -15 55 56 -55 58 -46 -60 -16 62 -30 64 -64 66 -6 68 69 70 71 72 -9 -71 81 78 77 -77 79 80 -72 -75 -83 84 85 86 -28 -85 89 90 91 92 -89 -94 -93 -96 -97 -98 99 -45 101 -101 -10 104 -104 106 107 -106 109 110 111 -70 -29 114 115 -47 117 -80 -119 120 -120 122 -121 -18 -125 -126 -127
right_child=-2 2 3 22 8 6 -8 67 9 27 13 52 -14 44 15 -17 33 18 -20 20 48 -23 23 -25 -26 -27 43 112 31 30 -32 -33 -34 34 35 37 -38 38 39 -41 41 -43 -44 98 45 113 47 -49 -50 -51 -52 -53 -54 54 -56 -57 -58 -59 59 -61 -62 -63 63 -65 -66 -67 -68 -69 108 73 75 -73 -74 74 -76 76 -78 -79 116 -81 -82 82 -84 87 -86 -87 -88 88 -90 -91 -92 94 93 -95 95 96 97 -99 -100 100 -102 -103 103 -105 105 -107 -108 -109 -110 -111 -112 -113 -114 -115 -116 -117 -118 118 119 121 -122 -123 -124 124 125 126 -128
leaf_value=0.050799493530245703 0.050799493530245703 -0.11425982624773851 0.050980564298898003 0.057057657288673916 -0.10312064688809697 0.054701845983684251 -0.10693395463982357 -0.1009037391351606 -0.11640633960744029 -0.09916655233738228 -0.1077473155772561 -0.15004314868183924 -0.0904473468981703 -0.11383882439991161 -0.157884449187949 0.063907340722537953 -0.11572784104460652 -0.08814554110319095 0.053379522065271613 0.06290724521640606 -0.11836517774648742 -0.12421206715276281 0.064718308325331847 -0.13441477870958715 -0.12552421197977512 -0.1303125847216213 -0.11492806147667474 -0.10047059420224383 -0.10683113177133274 0.067790684200238926 -0.091778107475596435 -0.11600216356104363 -0.11275355633317995 -0.11440777742241076 -0.11707266280084914 -0.11211847778414269 0.066176312912729726 -0.12147391909025054 -0.10253436178199792 0.069391964617558519 0.066357143228779905 -0.10934945284279557 -0.088103261305225888 -0.10676754697883009 -0.11439616644711037 -0.11539815764451665 0.073050011689521896 -0.080346666037780734 -0.11972375380226817 -0.10367920566462914 -0.10847173056497297 0.080815520249135409 -0.10564610770388859 -0.098146028604529006 -0.10866343765216498 -0.11211890357112858 0.0663802711890569 -0.12088281664462715 0.075635943179199805 -0.10456142651383307 -0.080333516439553429 -0.11382468451076233 0.076176768837063175 -0.097597137459679226 -0.1044852303795268 -0.12003896868518038 -0.11686615748964446 -0.11908001649459438 0.078294416753361087 -0.11148946433690057 -0.14321034453073089 -0.10537331437105962 0.071699299386136991 -0.10064991458592001 -0.10398914376215376 0.07157022889428237 -0.11383283557752116 -0.093869165725384868 -0.12485561332871563 -0.11681284459954078 0.073691127859397923 -0.10935803674088188 0.078696264644236416 -0.1172604103991287 -0.11366320962749421 -0.10877547690615795 0.074321021209095853 -0.11709834064065378 -0.1154701310368292 -0.11096181399435275 -0.1096423890153512 -0.11528900331577814 0.079159179124486598 -0.11655967474390375 -0.10004823897810831 -0.10447360181842109 0.079712456450169764 -0.12019006245964664 -0.11398480560539909 0.078652107252333403 -0.10720706109454779 -0.11044644530358674 -0.10945599416245327 -0.11368812519448353 -0.11457081020094549 0.051086572446398693 -0.11067738089592422 0.055413998007172983 -0.11476812350307149 -0.10915264973462807 -0.11696428079646887 -0.098557456636257562 -0.11706558693030694 -0.11888578978349069 -0.112162101929494 -0.035209046448950586 -0.11060332368008641 -0.10310472846720929 0.066567771978452414 -0.13736294087216569 -0.087056801967225372 -0.13288534244818834 -0.051361093222541981 -0.11410506589778252 -0.11166757555670051 0.07138944637262791 -0.10228476609575332
leaf_weight=82.67271040007472 25419.263792037964 1709.4788311412558 54.572401391342282 5.9544145129621002 848.72313509881496 28.420217534527183 54.598582591861486 22.815702190622687 303646.4868960958 138.71843186020851 1603.8410015851259 18.872629545629025 186.71253909915686 11860.501171085984 9.2827320937067324 7.8944965042173854 37795.431024946272 25.246972062624991 11.784140639938412 7.417650882154704 10.272930867969992 10.103220462799072 6.2203657142817947 9.7143888473510742 81.621720115654171 9.9319111779332161 21.536174651235342 113.59228944778442 376.85274460911751 8.8153479099273664 24.280953243374825 1143.5166907459497 1152.817381054163 3734.2432562410831 10.201660104095938 95.673951100558043 13.376869004219769 10.311691649258135 11.301460821181537 12.431535542011259 12.905543891713021 331.59635378420353 24.546539885923266 368.53677363693714 63.298202157020569 21.13277992233634 11.423756003379822 12.777990415692329 92.212677516043186 248.69345712196082 32.449159685522318 12.707856766879557 660.40677692554891 11.92854559235275 98.364332994446158 10.91525179333985 7.7125335559248915 61.074949577450752 10.836185812950133 22.14452114328742 13.150085743516682 221.44019354134798 11.581262379884718 300.18192031607032 34.09995348751545 230.07334026694298 356.68463020026684 284.05329015105963 8.6707152873277664 1189.3135825302452 9.4494466781616229 33.185118913650513 10.749480940401552 11.236855275928976 122.24124187976122 10.086326349526644 42.427428916096687 11.966633275151253 61.232940988615155 20.852863866835833 10.127144854515789 10.893094517290594 7.8782964125275603 10264.079345040023 4408.386502198875 165.03619846701622 13.714801251888273 10.379099830985071 15060.945819964632 1021.3646279424429 258.64530342817307 62.206259801983833 9.9594504982233047 10.31488661468029 56.877182602882385 10.995133221149443 11.458156555891037 10.317735940217972 479.78757992014289 10.367774737998843 21.495309764519334 10.593411847949028 95.591463804244995 1238.0299069471657 10.590574324131014 6.6168284714221945 21.41805225610733 6.7294041663408271 1188.404830114916 1614.3093174975365 31.312173634767532 11.49500972032547 1688.5602987371385 229.67079690098763 64.391389112919569 18.192648284137249 624.5785916261375 659.64721016585827 12.89242676831782 9.626737594604494 12.781358534470199 19.812432661652565 16.90046620555222 7404.5125136487186 231.26598770543933 12.912314467132092 11.108734149485826
leaf_count=5337 1640960 626 3402 140 822 1438 76 23 40440 110 1344 14 540 4117 16 85 7888 192 470 242 10 2 57 1 54 5 15 71 229 47 24 292 385 1068 2 47 133 4 9 102 98 172 48 162 25 9 54 13 22 872 14 69 509 16 64 12 54 12 49 13 24 72 53 215 27 107 38 34 38 545 1 18 66 7 75 51 16 11 36 8 51 6 36 1680 1075 99 79 3 2580 341 109 13 44 2 36 5 50 3 133 64 8 3 27 301 4 318 8 223 419 915 10 10 427 88 31 40 283 368 83 1 19 6 49 1690 122 106 12
internal_value=-0.10613 -0.115691 -0.115724 -0.0554775 -0.115748 -0.113868 -0.0516004 -0.113939 -0.116141 -0.116184 -0.114406 -0.116247 -0.107084 -0.112565 -0.106982 -0.0665234 -0.114908 -0.110279 -0.0431091 -0.11145 -0.0998449 -0.0449931 -0.10669 -0.0566803 -0.114862 -0.0600836 -0.116266 -0.112102 -0.110032 -0.0895563 -0.0492762 -0.111118 -0.108455 -0.115109 -0.11215 -0.0820932 -0.0131095 -0.0946322 -0.0454914 -0.012478 -0.113273 -0.101792 -0.034878 -0.115139 -0.113294 -0.104707 -0.0898458 -0.00794006 -0.10227 -0.0969775 -0.0669093 -0.00822275 -0.10688 -0.113663 -0.0975111 -0.0616103 -0.0335409 -0.102443 -0.090746 -0.0453555 -0.112424 -0.103206 -0.0999524 -0.0924574 -0.0586832 -0.109248 -0.107188 -0.10886 -0.108359 -0.105821 -0.102646 -0.0753298 -0.0456264 -0.109581 -0.0946736 -0.103844 -0.0811262 -0.0182024 -0.104849 -0.0752634 -0.0310053 -0.0567259 -0.0304322 -0.115326 -0.112935 -0.0968994 -0.0412985 -0.115737 -0.114791 -0.107799 -0.100476 -0.087486 -0.0531521 -0.0204159 -0.0944167 -0.0799335 -0.0450225 -0.0150043 -0.108551 -0.102208 -0.062629 -0.0169149 -0.116385 -0.111739 -0.0946175 -0.0633434 -0.0828891 -0.0485259 -0.110964 -0.108251 -0.0799655 -0.0225159 -0.11602 -0.1128 -0.0993234 -0.0783012 -0.105692 -0.101824 -0.0998966 -0.0705098 -0.00991221 -0.104083 -0.0825712 -0.115386 -0.113702 -0.102 -0.00892764
internal_weight=442661 417242 417159 168.015 416991 72162.7 83.0188 72079.7 344828 343206 66010.7 337992 1622.19 14138.5 1634.17 30.3273 51872.2 2160.37 37.0311 2123.34 413.857 17.5209 113.443 15.9348 97.508 15.8863 337312 5214.46 3412.3 171.815 33.0963 3240.49 2096.97 49711.8 4256.59 153.297 23.5785 129.719 34.0447 23.733 4103.29 369.048 37.4521 32287 12504.4 514.943 181.556 24.2017 396.336 304.123 55.4299 22.9808 679.279 11989.4 128.921 30.5563 19.6411 157.354 96.2789 32.9807 22.4328 944.156 722.716 345.863 45.6812 1435.48 1205.41 6068.94 5784.89 2930.7 1589.13 66.7503 33.5652 1341.56 152.249 1522.38 64.4804 22.053 1457.9 40.4295 19.5766 30.0082 18.7714 31396.2 4608.67 200.287 35.251 26787.5 16523.5 1462.52 441.153 182.508 30.6534 20.2743 151.854 89.6482 32.771 21.7759 890.781 410.993 42.4565 20.9612 305025 1378.98 140.946 45.3549 38.738 17.32 2854.19 1665.79 51.4779 20.1657 1802.15 333.388 103.717 39.3254 1417.47 792.894 731.661 72.0134 25.6738 46.3396 26.5272 45455.2 7659.8 255.287 24.021
internal_count=1726548 85588 80251 3659 76592 24785 1514 23271 51807 50300 20086 48348 1507 6066 1469 125 14020 2519 662 1857 1231 244 257 58 199 145 47825 1952 1454 181 71 1273 981 11501 1683 297 135 162 115 111 1386 318 146 6504 4597 334 166 67 987 965 93 79 523 4263 146 82 70 99 87 62 40 596 524 295 80 967 860 3185 3151 1759 1090 107 89 669 124 983 78 62 905 60 52 49 42 6134 1268 193 94 4866 3186 606 265 156 49 46 107 94 58 53 370 237 75 67 41321 881 580 553 235 227 1392 973 58 48 498 168 80 49 845 562 526 158 102 56 50 9818 1930 240 118
is_linear=0
shrinkage=0.05


Tree=9
num_leaves=128
num_cat=0
split_feature=22 17 6 3 10 8 16 0 1 7 7 3 3 6 4 18 10 4 5 0 4 17 18 18 4 1 17 4 2 1 3 5 11 7 1 4 2 3 7 10 9 6 0 9 7 18 18 16 11 1 11 6 19 10 9 19 3 2 10 18 3 2 3 16 5 2 18 2 3 4 18 14 19 18 18 4 2 16 2 16 1 4 1 10 4 4 2 10 1 4 3 4 16 1 19 2 2 7 18 18 2 8 10 4 16 2 15 2 19 16 4 6 18 4 9 4 16 19 3 18 2 18 4 16 18 4 3
split_gain=231426 795.83 208.708 322.147 144.337 108.333 173.192 70.6949 67.6081 41.3932 29.756 28.2632 27.2453 23.4876 42.8902 69.0872 30.0216 65.0546 22.5164 83.6991 55.9715 42.3796 65.9417 91.9353 34.8168 22.1384 20.0791 19.1381 24.3802 18.1595 21.3474 17.8299 25.2191 20.5078 57.0388 33.5984 79.682 16.8208 40.1453 54.6147 16.6275 20.5226 38.2717 59.458 108.563 22.2661 50.6821 80.0318 20.4236 49.4208 16.3919 30.9903 41.9238 68.236 17.307 15.2415 52.8171 18.4107 45.6757 15.1392 14.6563 20.6609 30.0404 49.202 14.0266 14.1899 57.0719 77.5552 33.215 56.7969 13.3258 48.4927 12.7302 45.7063 55.4556 12.3218 16.8953 20.3036 36.126 12.49 42.1056 12.1129 112.028 91.2617 134.363 76.1794 50.1233 33.5443 42.5981 37.4033 84.0137 48.4166 23.5881 76.6909 20.7396 105.393 11.9551 11.6206 25.9855 30.4966 56.8606 11.5794 14.7721 15.9854 36.2071 62.6873 11.5531 11.3115 58.7498 45.6884 80.2093 27.2768 84.9033 16.6289 11.258 24.0011 10.7848 22.9971 24.1034 10.7359 24.1843 27.0086 44.2967 66.0974 17.2811 27.7025 77.7664
threshold=10.500000000000002 59.000000000000007 3.5000000000000004 25.220000267028812 0.39499999582767492 2.5000000000000004 980.50000000000011 57.849126815795906 2.117991425620858e-05 1.0000000180025095e-35 1.0000000180025095e-35 51.359998703002937 34.340000152587898 1.5000000000000002 59.524999618530281 6420.0000000000009 0.090454548597335829 74.825000762939467 1.0000000180025095e-35 9694.1142578125018 1.0000000180025095e-35 62.500000000000007 1365.0000000000002 754.50000000000011 63.995000839233406 0.012030446436256172 93.500000000000014 210.54999542236331 3.2513130903244023 5.9092046740261148e-06 43.399999618530281 6.5000000000000009 0.095000002533197417 1.5000000000000002 0.019557798281311992 53.155000686645515 14361.039062500002 31.979999542236332 1.5000000000000002 0.19500000029802325 0.30500000715255743 1.0000000180025095e-35 75.307971954345717 0.49500000476837164 1.5000000000000002 261.50000000000006 174.50000000000003 833.50000000000011 0.095000002533197417 0.0075288056395947942 0.095000002533197417 1.5000000000000002 135.48999786376956 0.2950000017881394 0.17500000447034839 120.13000106811525 48.20000076293946 3063.6669921875005 0.99500000476837169 89.500000000000014 28.439999580383304 5027.9067382812509 31.979999542236332 1402.5000000000002 2.5000000000000004 84555.488281250015 1474.5000000000002 186932.96875000003 25.220000267028812 114.51499938964845 401.50000000000006 0.69499999284744274 123.08499908447267 1514.5000000000002 636.50000000000011 234.90000152587893 144.01515197753909 1469.5000000000002 3.2513130903244023 24806.500000000004 0.00013195514475228268 62.405000686645515 0.00043746591836679732 0.99500000476837169 55.540000915527351 60.145000457763679 1375952.7500000002 0.99500000476837169 0.0021094083786010747 59.524999618530281 31.979999542236332 57.334999084472663 36975.000000000007 0.0012817049282602968 934.41000366210949 362089.00000000006 2199.7712402343755 1.5000000000000002 110.50000000000001 74.500000000000014 29.190909385681156 1.0000000180025095e-35 0.69499999284744274 125.11000061035158 2254.5000000000005 26997.629882812504 0.095000002533197417 4637.9570312500009 115.53000259399415 1077.5000000000002 129.84999847412112 1.0000000180025095e-35 322.50000000000006 58.350000381469734 0.28499999642372137 87.11999893188478 1049.5000000000002 108.11499786376955 25.220000267028812 358.50000000000006 6254.0000000000009 334.50000000000006 120.11999893188478 1558.5000000000002 345.50000000000006 114.51499938964845 6.0199999809265146
decision_type=2 2 2 2 2 2 2 2 2 2 2 2 2 2 2 2 2 2 2 2 2 2 2 2 2 2 2 2 2 2 2 2 2 2 2 2 2 2 2 2 2 2 2 2 2 2 2 2 2 2 2 2 2 2 2 2 2 2 2 2 2 2 2 2 2 2 2 2 2 2 2 2 2 2 2 2 2 2 2 2 2 2 2 2 2 2 2 2 2 2 2 2 2 2 2 2 2 2 2 2 2 2 2 2 2 2 2 2 2 2 2 2 2 2 2 2 2 2 2 2 2 2 2 2 2 2 2
left_child=1 -1 4 -4 5 7 -7 50 11 12 13 27 75 18 15 -15 17 -16 19 21 -21 -9 23 24 -23 -11 59 28 29 -6 -31 32 33 -27 -35 -36 -37 40 -39 -40 64 42 -42 -44 -45 46 -43 -48 -46 -50 51 54 53 -53 119 57 -57 58 -5 -13 106 -62 63 -63 -12 -66 67 68 69 -67 71 -26 -30 74 -74 81 77 -77 79 80 -79 82 83 -10 -85 -86 -87 -84 89 90 -89 92 93 -92 95 -91 -55 -33 99 -99 -101 -83 103 -103 105 -105 -52 -100 109 111 -111 112 -109 -113 -34 -116 -47 118 -118 120 -3 122 -122 -124 -123 126 -126
right_child=-2 2 3 55 8 6 -8 10 9 25 37 26 -14 14 16 -17 -18 -19 -20 20 -22 22 -24 -25 70 31 -28 -29 72 30 -32 97 114 34 35 36 -38 38 39 -41 41 45 43 44 48 116 47 -49 49 -51 60 52 -54 96 -56 56 -58 -59 -60 -61 61 62 -64 -65 65 66 -68 -69 -70 -71 -72 -73 73 -75 -76 76 -78 78 -80 -81 -82 101 87 84 85 86 -88 88 -90 94 91 -93 -94 -95 -96 -97 -98 98 107 100 -102 102 -104 104 -106 -107 -108 108 -110 110 -112 113 -114 -115 115 -117 117 -119 -120 -121 121 124 123 -125 125 -127 -128
leaf_value=0.050759889303912897 0.050759889303912897 -0.10247687486479068 0.050933990098292165 0.056757392255717021 -0.095234253593510537 0.054546586857559691 -0.099556052196571765 -0.1062285954357706 -0.10290945204813484 -0.1080355571883056 -0.095169402648817944 -0.04876566715050034 -0.098128193056443089 0.07068083184773169 0.064777476631349404 -0.11671436596459817 -0.1035642027491937 -0.087789895976229493 -0.10783563564515297 -0.09429091119071048 0.053041436267531494 0.057175363579057982 -0.10468654438565145 0.051923879593163039 -0.1129832238177825 -0.098272416751298747 -0.085393021662776292 -0.10950452208567081 -0.11629172209296881 -0.043796037388886072 -0.12448012074165962 -0.10720633490508918 -0.10702263978465734 -0.096044692678120061 -0.098264997211963342 0.075804753873738417 -0.096844684198787584 -0.099817496726026231 0.06036216753986582 -0.080295456425437339 -0.11165010467289636 -0.10042864491827759 -0.094980106576754181 0.071646548556610401 -0.11278403955806789 -0.11245548708576168 -0.11403967253393071 0.075359604077717079 -0.084254848885434594 0.060729183287347659 -0.1033097009458333 0.063630162409529831 -0.10957894191079938 -0.12124013497276059 -0.092421939270562622 0.063878426531040408 -0.12379771708057373 -0.11538917521761526 -0.11987760209435838 0.063537442568830746 -0.10506009912636066 0.075628202800476219 -0.12313373437910542 -0.07907350937969225 -0.10751560061109416 0.067275156395057767 -0.10651794292289421 0.06753566367430329 -0.096179344918883358 -0.099972379864106162 -0.0996220426996344 0.063953671083489053 -0.099786232023208438 -0.12664066041784602 0.070603969740841432 -0.10135007872487528 -0.10600250473697953 -0.10636187174553087 0.051032461867311252 -0.10311543943808577 0.055176062034896757 -0.10906019835376153 -0.10876499341746333 -0.10850429435372727 0.058829364203825507 -0.083182058446691895 0.067715588198416152 -0.11630806051478025 -0.10559099728660251 -0.12267970027878894 0.067838322435563606 0.063935453998631764 -0.11366869222004504 -0.078802924024608867 -0.10167582751718705 0.077015396569956457 -0.052273918178529589 -0.098194302651000973 -0.10734984039004281 -0.096606804703570512 0.069235021415519779 -0.10196603965334372 -0.10804721795751249 0.082286183839041294 -0.10112927816107756 -0.098015014185483473 -0.10786466799998445 0.075558066889650624 -0.10615741874208449 0.07846510120220751 -0.1097749587467944 -0.059533846180611805 -0.097492236006295696 -0.10169730895680461 -0.052081233709801347 -0.1108393461614695 -0.046132504544909331 -0.10434648143495642 -0.094255245786927719 -0.10589622319061368 -0.086358629227766229 -0.10059763021742632 0.082078770404102996 -0.087873897816463084 -0.11824617924355621 -0.091036729303853911 0.081798731588910892
leaf_weight=78.700520670041442 24197.94011592865 3549.1872300691903 51.957144796848297 5.6932228114455912 950.39782048761845 27.10916568338871 55.682252949103713 1673.1085503976792 119.28885735198855 17585.705937311053 274.1342837177217 19.195843935012821 584.73024473339319 9.5135129224509001 8.1638684310018999 10.182672500610352 742.37588218040764 48.471568524837494 48884.848474016413 11.724516689777376 14.319194755516945 4.6032729111611834 132.36013811826706 18.055888175033033 10.402803689241411 808.81122758239508 68.792644336819649 433.8592357635498 211.22486741840839 34.677861303091049 10.736073657870291 6762.2040276676416 1179.1793417558074 115.16405344009399 11.377351954579352 16.045912533998493 11.453066378831862 199.40869754180312 9.5391248371452075 24.95535010099411 135.88062580674887 67.492206461727619 160.3399856723845 16.664767902344465 21.107077781111002 336.69660887122154 10.519706744700672 11.872339136898516 24.539177026599646 7.7290209345519534 3806.4380676299334 12.382459022104738 33.555767325684428 10.106516629457476 490.51748809218407 5.9928129576146612 10.011719703674316 84.276804054155946 10.247738596051931 3.55704142153263 43.85687293857336 8.4208785891532916 10.13256946206093 13.190183190628884 5455.6213235128671 9.3419786915183067 466.44683399423957 9.9666665531694871 68.715363750234246 11.117138154804707 44.647074989974499 6.168635929003357 11.46331660449505 30.424144938588142 8.1847489774227125 86.700648605823517 1206.3031333610415 10.830802023410799 6.3006272986531249 21.827768623828888 6.428115338087081 295073.27949069254 17933.031067481264 42.488854940980673 33.185515219345689 24.663316754624251 7.0838262215256682 40.714967455714941 1187.480831105262 20.191600367426876 13.564781997352837 12.520183529704807 10.24554920196533 26.016482792794704 217.35496788844466 9.8207457270473224 16.613127257674932 34.096929684281349 1118.3473944067955 11.4029458463192 9.4532648324966413 670.30480009689927 1921.1770326346159 8.5642149355262518 43.276957930997014 11.029264532029629 2194.7754416037351 10.316872060298918 802.92016806267202 12.127974599599838 10.609479621052742 28.977215945720673 22.64692847430706 121.16563186049461 29.565626591444016 42.165233999490738 32.042389765381813 1986.0250644478947 138.45705300569534 1464.1950447447598 72.51326285302639 408.33386121317744 10.960895445197821 11.967085734009743 10.269114553928377 69.72731139138341 9.2202137708663923
leaf_count=5337 1640960 1488 3402 140 969 1438 76 574 68 3182 161 102 465 75 88 1 342 96 10869 9 608 141 72 947 2 324 219 45 89 73 13 1415 303 74 7 74 7 124 128 22 34 41 110 117 11 96 4 61 34 103 1747 116 41 2 354 57 1 54 5 23 20 39 2 23 1500 79 129 86 55 9 41 98 8 10 42 26 301 4 318 8 223 37850 2491 19 623 79 63 5 321 3 85 100 1 36 84 77 47 21 396 7 49 223 311 47 16 5 664 48 244 54 3 41 12 50 40 11 55 840 84 508 57 172 50 9 2 44 40
internal_value=-0.0996312 -0.108223 -0.108253 -0.0525641 -0.108275 -0.10626 -0.0490968 -0.106324 -0.108698 -0.108748 -0.107019 -0.0989851 -0.108911 -0.107492 -0.0990904 -0.0262001 -0.100887 -0.0657977 -0.107627 -0.102309 -0.0132855 -0.103536 -0.0827065 -0.0480216 -0.0754382 -0.10693 -0.071926 -0.10045 -0.0973251 -0.0937583 -0.0628701 -0.105188 -0.101171 -0.0950879 -0.0783671 -0.0260006 0.00389788 -0.104444 -0.0912022 -0.0413979 -0.104779 -0.101681 -0.0906047 -0.0781919 -0.0397592 -0.103252 -0.0788027 -0.0136195 -0.0745422 -0.0495276 -0.102857 -0.101041 -0.0685797 -0.0333959 -0.101428 -0.0988329 -0.0535234 -0.106069 -0.0567934 -0.0312089 -0.1047 -0.0828223 -0.0520986 -0.0187931 -0.10623 -0.106734 -0.0991955 -0.0647442 -0.0795286 -0.0236043 -0.0854099 -0.0471193 -0.110918 -0.0882513 -0.0288072 -0.108931 -0.104144 -0.0871667 -0.0600729 -0.0779827 -0.0461968 -0.108951 -0.10775 -0.0728055 -0.0393757 0.00585873 -0.0495119 -0.108157 -0.10107 -0.0857521 -0.0604448 -0.0239639 -0.0460507 -0.0285479 -0.0962961 -0.0573348 -0.0783599 -0.106183 -0.10301 -0.069063 -0.0214375 -0.109031 -0.105743 -0.099705 -0.0755981 -0.0192062 -0.104976 -0.103887 -0.100048 -0.0762167 -0.00936923 -0.0845175 -0.0433317 -0.0935599 -0.105853 -0.0866208 -0.104133 -0.102834 -0.0852114 -0.102216 -0.100915 -0.0915684 -0.0672045 -0.00662673 -0.096242 -0.0763067 -0.0236069
internal_weight=447746 423548 423470 168.179 423301 73426.7 82.7914 73343.9 349875 348092 61097.6 1782.51 319348 51618.9 818.708 19.6962 799.011 56.6354 50800.2 1915.39 26.0437 1889.35 216.238 83.8777 65.8218 28743.7 91.5455 1690.97 1257.11 995.812 45.4139 11158 2213.76 962.852 154.04 38.8763 27.499 9478.61 233.903 34.4945 9244.71 2949.37 366.261 230.38 70.04 2583.11 89.8843 22.392 53.3753 32.2682 12246.4 6169.55 72.6579 39.1021 6096.89 116.222 16.0045 100.218 15.941 22.7529 6076.81 75.6005 31.7436 21.6111 6295.34 6021.21 565.588 99.1411 89.1745 20.4591 61.2185 16.5714 261.297 50.0722 19.6481 318764 1338.39 132.088 45.3873 39.0867 17.2589 317425 19697.7 226.71 107.422 64.9327 31.7471 19470.9 1537.91 350.429 103.062 62.347 49.8268 39.5813 247.367 30.0123 26.7196 8944.27 2182.06 54.9531 20.8562 297728 2654.35 733.175 62.8704 19.5935 6001.21 2127.11 1008.76 205.844 22.7375 183.107 32.9638 150.143 1250.91 71.7309 2493.22 2156.52 170.499 5606.37 4142.18 592.992 95.4412 22.928 497.551 89.2166 19.4893
internal_count=1726548 85588 80251 3659 76592 24785 1514 23271 51807 50214 17846 1593 43852 13963 602 76 526 184 13361 2492 617 1875 1301 1229 282 6362 344 1249 1204 1055 86 3180 840 486 162 88 81 3883 274 150 3609 1590 409 375 265 1181 106 65 148 137 5425 2930 206 165 2724 257 58 199 145 125 2495 84 64 62 2019 1858 358 229 143 88 141 100 149 60 50 43387 880 579 553 235 227 42507 4055 852 784 765 142 3203 712 391 227 222 122 121 164 80 49 2340 925 77 56 38452 602 291 68 52 2411 848 452 208 57 151 60 91 354 51 1075 979 139 2370 1862 374 116 59 258 86 42
is_linear=0
shrinkage=0.05


Tree=10
num_leaves=128
num_cat=0
split_feature=22 10 6 17 8 16 1 0 7 6 4 3 10 1 3 2 6 9 3 18 4 4 16 10 0 2 14 2 5 5 11 7 1 3 4 2 18 18 16 11 1 0 19 19 19 17 4 17 1 1 7 18 0 11 7 18 18 2 6 9 9 3 11 2 1 4 15 5 16 6 9 4 6 2 2 10 4 4 13 9 2 17 4 2 16 2 4 1 10 4 4 3 0 4 1 2 18 16 2 3 6 13 2 19 2 4 2 19 1 0 9 6 4 16 1 2 2 0 14 4 4 2 16 18 2 11 14
split_gain=203811 194.268 391.813 378.125 134.286 156.378 78.4355 66.6049 56.4289 36.2551 30.0871 27.6314 27.1796 26.2043 23.4777 23.2101 22.2873 21.1345 20.7293 28.9021 65.319 19.601 62.7203 19.1443 51.199 19.994 19.4008 20.6412 62.0794 17.5369 20.4827 19.7172 53.4547 44.5162 17.4898 17.1973 42.8194 351.133 183.559 133.474 15.8938 17.0483 15.6104 24.5132 19.6872 50.7967 15.4616 15.4208 23.9841 140.111 14.8301 62.0786 16.5017 14.4005 14.2876 23.6455 26.367 51.7688 14.0668 24.5233 51.286 13.5881 37.195 13.4422 36.9845 74.6818 13.1186 13.0176 48.6079 12.9407 26.8565 77.7213 12.9078 12.8347 38.7749 121.511 95.4607 12.7638 12.5217 16.7194 57.7641 12.3775 11.8075 14.4816 17.4343 32.3914 11.8498 97.0281 89.9016 95.7295 132.762 25.0161 42.0907 109.939 78.8033 29.4414 70.5811 19.9097 46.4696 11.7776 30.6363 40.9801 79.5455 17.8142 13.8533 74.6391 11.5602 45.3657 76.1077 12.1357 11.3636 27.6273 108.318 10.6725 37.584 10.5665 58.4564 33.873 28.7463 54.1753 17.8685 12.4724 10.5747 10.1448 24.9518 21.0434 68.9979
threshold=10.500000000000002 0.2950000017881394 4.5000000000000009 59.000000000000007 2.5000000000000004 980.50000000000011 2.117991425620858e-05 57.849126815795906 1.0000000180025095e-35 1.0000000180025095e-35 210.54999542236331 51.359998703002937 0.090454548597335829 0.012030446436256172 34.340000152587898 3.2513130903244023 2.5000000000000004 0.69499999284744274 6.0199999809265146 334.50000000000006 114.51499938964845 79.040000915527358 900.50000000000011 0.49500000476837164 39.979852676391609 2924.3300781250005 0.49500000476837164 156.57757568359378 4.5000000000000009 6.5000000000000009 0.095000002533197417 1.5000000000000002 0.019557798281311992 21.500000000000004 161.20500183105472 785580.71875000012 791.50000000000011 1293.0000000000002 2069.5000000000005 0.18500000238418582 5.9092046740261148e-06 130460.51562500001 120.13000106811525 139.62000274658206 89.215000152587905 62.500000000000007 53.155000686645515 78.500000000000014 0.00059536099433898937 0.0075288056395947942 1.5000000000000002 401.50000000000006 870.09457397460949 0.095000002533197417 1.5000000000000002 110.50000000000001 74.500000000000014 29.190909385681156 2.5000000000000004 0.58499997854232799 0.38499999046325689 19.180000305175785 0.27500000596046453 5333.8618164062509 0.027578556910157207 215.25000000000003 0.095000002533197417 1.0000000180025095e-35 7075.0000000000009 1.0000000180025095e-35 0.17500000447034839 150.40000152587893 1.0000000180025095e-35 2199.7712402343755 29.190909385681156 0.19500000029802325 152.65000152587893 82.325000762939467 0.89499998092651378 0.49500000476837164 5291200.5000000009 93.500000000000014 234.90000152587893 144.01515197753909 1469.5000000000002 3.2513130903244023 62.405000686645515 0.00059536099433898937 0.99500000476837169 55.540000915527351 60.145000457763679 30.979999542236332 404.31729125976568 59.524999618530281 0.0012817049282602968 479832.40625000006 5860.0000000000009 15611.500000000002 1375952.7500000002 19.579999923706058 1.0000000180025095e-35 0.49231183528900152 3676.1889648437505 162.0100021362305 3676.1889648437505 171.25000000000003 172.04237365722659 77.409999847412124 0.027578556910157207 288.16868591308599 0.28499999642372137 1.0000000180025095e-35 96.634998321533217 24806.500000000004 0.00013195514475228268 14361.039062500002 4637.9570312500009 75.307971954345717 0.095000002533197417 65.892761230468764 65.564998626708999 6536.1643066406259 931.50000000000011 117.50000000000001 130.81409454345706 0.27500000596046453 0.095000002533197417
decision_type=2 2 2 2 2 2 2 2 2 2 2 2 2 2 2 2 2 2 2 2 2 2 2 2 2 2 2 2 2 2 2 2 2 2 2 2 2 2 2 2 2 2 2 2 2 2 2 2 2 2 2 2 2 2 2 2 2 2 2 2 2 2 2 2 2 2 2 2 2 2 2 2 2 2 2 2 2 2 2 2 2 2 2 2 2 2 2 2 2 2 2 2 2 2 2 2 2 2 2 2 2 2 2 2 2 2 2 2 2 2 2 2 2 2 2 2 2 2 2 2 2 2 2 2 2 2 2
left_child=1 2 3 -1 7 -6 10 17 14 18 11 15 50 -10 16 40 23 34 19 -9 -21 22 -19 24 25 26 69 -28 -29 30 31 -15 -33 -34 53 36 47 38 61 -40 -3 -42 44 -44 45 -18 -35 -20 67 -50 106 52 -52 73 -31 56 -56 -58 123 60 -60 62 -38 -36 -65 -66 -55 68 -49 -8 71 -71 -26 74 -5 76 -76 -27 -45 80 -80 -13 86 84 -84 113 87 88 -25 -90 -91 -89 -93 94 -94 -96 -97 98 -92 100 -79 103 -103 104 -102 -106 109 108 -108 -11 -75 -112 -113 114 -86 116 122 120 -119 -120 121 -118 -57 124 -14 126 -126
right_child=-2 6 -4 4 5 -7 8 9 13 12 -12 81 58 29 -16 -17 42 21 35 20 -22 -23 -24 82 72 77 27 28 -30 54 -32 32 33 46 63 -37 37 -39 39 -41 41 -43 43 78 -46 -47 -48 48 49 -51 51 -53 -54 66 55 115 57 -59 59 -61 -62 -63 -64 64 65 -67 -68 -69 -70 70 -72 -73 -74 110 75 -77 -78 99 79 -81 -82 -83 83 -85 85 -87 -88 91 89 90 97 92 93 -95 95 96 -98 -99 -100 -101 101 102 -104 -105 105 -107 107 -109 -110 -111 111 112 -114 -115 -116 -117 117 118 119 -121 -122 -123 -124 -125 125 -127 -128
leaf_value=0.050722282269857678 0.050722282269857678 -0.088084325036038566 0.051072815686767942 -0.10506260216689289 0.053090286135314649 -0.092418930733521407 -0.091619948408384555 -0.090926942935698571 -0.10158984261879184 -0.097135692283168623 -0.10332016937382978 -0.029524044171411447 -0.095766839626398093 -0.093023352698900399 -0.093241476416646138 -0.10301093120316261 0.065948951418848642 -0.10590745941223217 -0.10132655147305801 0.068995641640419506 -0.11295415566270568 -0.091297594899879236 0.07235450183127036 -0.097390239246482324 -0.10260127102255251 -0.10216169651759394 -0.10304936322238178 0.081691231348065926 -0.095064265236331991 -0.1007904519106932 -0.098866262067183033 -0.090286320050182764 0.072025020144595803 -0.10051644638712282 -0.090330658449521012 -0.1025807845269128 0.063764576312548879 -0.098434885826766419 0.059745700087656832 -0.074079778357158316 -0.085158302952172971 -0.0242255959188677 -0.023750322073706313 -0.095854178398928555 -0.10227365399141422 -0.093994133007127306 -0.025984767037100051 0.051808791876649357 0.071366423461875203 -0.10112801630412203 -0.062717652477764327 0.066164610607822458 -0.14745231240761245 -0.095637211231678662 -0.090786759413970908 -0.096201859841836795 -0.090432905569500732 0.067866023555277419 0.06369999105639168 -0.10172816780566266 -0.080444975564941693 -0.10448431551523872 -0.10295473557471713 -0.08847300040164302 0.077687497714659867 -0.10616146799526849 -0.10121183702448236 -0.10590065150230926 -0.10508910676394921 0.071443977801173938 -0.10075688555144668 -0.12136585130970766 -0.10007189653306861 -0.095145894557086871 0.08029164994194618 -0.089227205705246865 -0.10196586121009504 -0.093538991050025028 0.07587464848535555 -0.10776152225737423 -0.10500537141268336 -0.072444918048418627 -0.095460466748441539 -0.099819572454418443 -0.099485313982621032 0.050981099275038966 -0.1028755096709701 -0.10282482624701934 -0.097853702910661644 0.059066383990806284 -0.071661225404781329 -0.10060925293489778 0.065899808613830019 -0.094492852900202151 -0.084025838347708062 0.070517889569799833 -0.10719604347357717 -0.10134346261736012 0.067903780673442757 -0.098584113924999384 -0.10010253298375404 -0.10534481250209729 0.07801703197447668 -0.10974363228170302 0.081146032850343663 -0.11969296111746063 0.084622249578086284 -0.091060203158009306 -0.11004956354148143 -0.13345545386126748 -0.093522686509018516 0.073531130968987085 -0.094931062979132674 -0.096732251563657778 0.054947156187606885 -0.10199937621509166 -0.073822263252624018 -0.076679185166047215 -0.067768035880386865 0.083906209509940696 -0.089376498226188164 -0.026151855785187986 -0.10582840179035938 -0.099099458094331475 -0.10118790822134388 -0.086319289556438167 0.087078970479510256
leaf_weight=41.985165665857494 23034.429104328156 975.33025029208511 43.37153696641326 116.56188756227493 31.139330324716866 45.362826257012784 304.48602168727666 115.13767910003662 19887.47457420174 101.1758980890736 447.51920604705811 23.115217819809914 235.01013468578458 1139.7928695455194 667.03646908700466 278.25500935781747 6.382603642530742 10.73925429582596 20763.02229805477 9.5004083178937435 10.25914192199707 23.760439816862345 9.1287455298006517 195.37305737007409 27172.177163457498 807.67404084652662 10.590518444776537 8.913049690425396 11.221853613853455 7603.3786404086277 1827.5176504692063 128.22072137799114 9.2884612716734392 10.970222458243372 127.5618339702487 11481.950751777738 4.9098733682185385 4220.0646492354572 67.25112506467849 25.772139512002468 25.918839275836945 20.605713650584221 18.942293860018253 77.880311972461641 237.89513949863613 22.337076030671597 19.028060187585652 6.4763773521408465 15.037467842921613 54.21739518083632 14.396689869463447 7.7622959315776816 9.561976931989193 2708.6429593078792 34.853004470467567 646.62954189348966 11.567741364240648 9.3308238359168154 8.2051300229504687 43.824770629405975 24.888576123863459 43.425616351887584 10.49942210689187 45.733177583664656 11.613718263804913 10.533854007720947 1729.0213076267391 126.04970398545265 20.760448003187776 10.815165501087904 22.11085891444236 10.114786311984062 6193.6051071546972 3126.6327894292772 21.521985400468111 126.15941314958036 10.784549027681349 856.60085490532219 7.6834984961897144 10.341945648193361 10.37225341796875 61.453437171876431 87.419215206988156 1216.6276893895119 10.995801001787187 5.9992282949388018 282178.72400048561 14865.775180426426 54.896955074742436 36.840178354643285 25.995238576084375 1919.8495182860643 17.030635138973594 397.45143835339695 36.380295813083649 12.14230328053236 10.349026679992676 21.345133677124977 7.7401056997477999 949.04241962265223 11.128167957067491 10.963669866323473 12.843881546519695 31.740900874137878 8.3857737760990858 10.318061351776123 9.7871003029868007 1082.2186301322654 10.309183120727539 29.766069621779025 148.19850810989738 12.99284867942333 35.925893146544695 22.09706437587738 6.1394431740045539 747.63947619032115 51.760430082678795 24.974578320980072 13.156507000327112 10.655450910329817 278.35256597865373 18.670524328947067 510.496458186768 6483.1238239072263 10.783562928438188 23.521547496318817 8.8693854212760908
leaf_count=2991 1640960 988 2899 27 1882 78 163 97 3943 61 48 124 105 482 500 168 115 4 4577 86 1 26 51 92 4233 186 2 48 5 1666 591 82 49 4 77 1734 112 1874 1700 69 36 51 47 41 99 10 42 369 203 23 40 73 12 1377 22 283 7 51 93 17 26 31 3 23 56 2 530 23 3 79 18 2 1680 1580 114 75 3 390 62 1 1 217 27 307 4 318 36523 2024 30 665 89 395 118 189 51 66 1 5 67 345 5 5 60 9 42 3 51 899 1 38 80 73 42 8 223 184 54 22 13 46 160 38 133 2365 3 14 38
internal_value=-0.09415 -0.101966 -0.0991483 -0.0992702 -0.099388 -0.0331911 -0.10237 -0.099483 -0.10242 -0.10024 -0.0920497 -0.0884071 -0.0972109 -0.100446 -0.102613 -0.0902085 -0.102631 -0.0953598 -0.100904 -0.0813393 -0.0254725 -0.0606515 -0.0240015 -0.102645 -0.101563 -0.0953912 -0.0846254 -0.0465421 -0.0168205 -0.0987095 -0.0954479 -0.0906693 -0.0746516 -0.0236244 -0.0955438 -0.100975 -0.100248 -0.0957469 -0.0210487 0.0226693 -0.0867224 -0.0581712 -0.0907134 -0.0761511 -0.0975528 -0.0584487 -0.0532406 -0.101186 -0.0880943 -0.0636739 -0.0904782 -0.0567219 -0.0965355 -0.0959032 -0.0997359 -0.0963357 -0.0641605 -0.0197554 -0.0984564 -0.0771948 -0.0447062 -0.0901707 -0.0498329 -0.0807651 -0.0627895 -0.00975496 -0.0978092 -0.0991275 -0.0677819 -0.0879924 -0.06233 -0.0217349 -0.102132 -0.0935529 -0.0831726 -0.067071 0.0194506 -0.0969001 -0.0854907 -0.0570688 -0.0280331 -0.0607133 -0.102776 -0.0981092 -0.0824217 -0.0572217 -0.102797 -0.101538 -0.0751737 -0.0456097 -0.0144085 -0.102061 -0.0973167 -0.0839626 -0.0288225 -0.0562242 -0.0112543 -0.0635517 -0.03964 -0.0946529 -0.0906922 -0.062131 -0.00642335 -0.0836707 -0.0559294 -0.0296478 -0.0913464 -0.089678 -0.0152424 -0.105392 -0.0944118 -0.0827681 -0.0501874 -0.0737676 -0.0441532 -0.0971148 -0.0947658 -0.0782254 -0.0392027 0.000103639 -0.0836838 -0.0611853 -0.100449 -0.0986983 -0.0893485 -0.0544116 -0.016223
internal_weight=449996 426962 53514.9 53471.5 53429.6 76.5022 373447 53353.1 371615 45077.5 1832.2 1384.68 8103.2 32983.8 338631 1300.11 337964 8275.51 36974.3 134.897 19.7596 43.6284 19.868 337572 36442.7 3076.95 378.252 30.7254 20.1349 13096.3 3134.82 1307.3 167.507 39.2867 8231.88 36839.4 25357.5 4371.92 151.858 93.0233 1021.85 46.5246 391.835 125.22 266.615 28.7197 29.9983 20985.6 222.541 69.2549 1264.98 31.721 23.9587 8036.44 9961.47 2358.09 55.7516 20.8986 6838.23 76.9185 33.0937 58.8349 15.4093 195.443 67.8807 22.1476 4437.66 153.287 27.2368 347.527 43.0408 20.93 33365.8 3598.78 275.028 158.466 32.3065 2698.7 106.278 28.3977 18.0558 84.5687 301129 1349.28 132.651 45.2315 299780 17601.2 342.191 146.818 91.9207 17259 2393.2 473.354 75.9023 58.8716 22.4913 55.0805 33.7353 1891.02 941.981 85.3805 23.8076 61.5729 29.832 18.7038 1233.26 1102.31 20.0963 130.942 3323.75 197.117 48.9187 39.2323 17.1352 2302.34 1554.7 397.57 48.7865 23.812 348.784 70.431 1157.13 6761.31 278.185 43.1745 19.6529
internal_count=1726548 85588 26731 23832 20841 1960 58857 18881 57225 14741 1632 1584 3836 7872 49353 1243 48853 4140 10905 184 87 81 55 48477 7275 1362 317 55 53 3929 1250 659 177 95 4059 10721 8987 3789 1915 1769 1075 87 376 152 224 125 46 5198 621 226 1175 125 52 3901 2679 1013 80 58 2661 136 119 146 115 158 81 58 1907 395 372 262 99 81 5913 1994 219 192 117 1045 105 64 63 341 41202 887 580 553 40315 3792 948 856 826 2844 820 425 236 118 67 161 156 859 514 124 65 59 50 45 1050 951 52 99 1775 195 115 235 227 933 749 333 81 59 252 92 416 2525 160 55 41
is_linear=0
shrinkage=0.05


Tree=11
num_leaves=128
num_cat=0
split_feature=22 17 10 6 9 1 8 16 1 7 4 6 6 4 10 3 3 3 17 16 1 4 11 16 19 18 4 1 2 2 7 9 4 2 14 18 1 10 8 6 4 18 18 16 10 11 18 2 1 4 3 14 6 4 7 5 9 0 7 6 10 18 10 14 1 13 6 18 14 3 9 14 4 1 3 14 18 11 3 4 18 4 3 19 10 3 18 18 19 1 4 19 1 13 2 16 2 19 1 2 2 16 1 4 0 10 6 10 9 0 10 2 4 2 0 3 4 16 17 4 14 2 5 3 15 5 16
split_gain=181095 662.099 200.315 260.389 141.994 91.9084 81.183 139.751 78.1439 53.7436 52.8917 49.0172 33.8747 33.7174 27.3449 26.6504 25.4626 22.9468 77.2252 98.6346 66.6428 78.581 72.5058 71.5371 66.1562 64.5725 46.0985 21.5973 86.5631 21.3062 19.1807 44.3024 40.7605 64.1011 35.3862 25.96 57.0889 16.5788 16.6437 22.2371 83.1731 16.3799 59.0786 69.8984 15.8962 17.8056 17.4036 20.6653 30.7997 43.6151 75.3847 34.2936 39.3348 57.2669 15.8799 53.3135 15.3557 19.908 17.2852 16.4811 54.7873 109.792 15.1729 23.9349 41.6576 39.8867 15.0621 30.295 81.5194 33.931 96.8595 15.025 42.3499 13.9601 15.319 13.7477 13.3368 13.576 13.5187 24.2278 48.1832 102.143 13.2332 15.6804 27.4344 80.4337 12.465 738.361 545.164 30.5732 66.5869 22.2124 18.0712 36.8748 159.966 14.2996 25.3481 30.515 48.61 12.2301 12.2527 18.3353 11.5593 11.5104 49.2103 66.2966 11.4798 17.1366 59.4482 10.6547 14.1662 42.6591 99.3169 20.0282 10.6164 19.7094 10.7986 14.1697 11.8486 10.5524 11.9304 29.2478 13.6219 10.5177 16.3687 27.508 57.9942
threshold=10.500000000000002 59.000000000000007 0.39499999582767492 3.5000000000000004 0.095000002533197417 2.117991425620858e-05 2.5000000000000004 980.50000000000011 0.027578556910157207 1.5000000000000002 111.3050003051758 1.0000000180025095e-35 1.0000000180025095e-35 210.54999542236331 0.090454548597335829 51.359998703002937 33.420000076293952 10.660000324249269 62.500000000000007 1334.5000000000002 0.0096143959090113657 81.130001068115249 0.64499998092651378 2979.5000000000005 84.31000137329103 226.50000000000003 53.155000686645515 0.00067295553162693988 216862.00781250003 3.2513130903244023 1.0000000180025095e-35 0.49500000476837164 70.764999389648452 8767.9448242187518 0.19500000029802325 432.50000000000006 0.0041211855132132777 0.59499999880790722 1.0000000180025095e-35 1.5000000000000002 73.569999694824233 1031.5000000000002 1474.5000000000002 2539.0000000000005 0.89499998092651378 0.095000002533197417 348.50000000000006 5606.8959960937509 0.012030446436256172 65.564998626708999 21.500000000000004 0.19500000029802325 1.0000000180025095e-35 77.375000000000014 1.5000000000000002 7.5000000000000009 0.58499997854232799 57.849126815795906 1.5000000000000002 1.5000000000000002 0.19500000029802325 432.50000000000006 0.69499999284744274 0.095000002533197417 0.0056972622405737647 0.89499998092651378 1.5000000000000002 344.50000000000006 0.79500001668930065 18.420000076293949 0.095000002533197417 0.19500000029802325 114.51499938964845 5.9092046740261148e-06 43.399999618530281 0.39499999582767492 1512.5000000000002 0.095000002533197417 17.640000343322757 66.555000305175795 373.50000000000006 53.155000686645515 25.220000267028812 132.25000000000003 0.19500000029802325 19.180000305175785 1512.5000000000002 1494.5000000000002 324.27000427246099 0.0096143959090113657 171.25000000000003 289.55000305175787 0.0021094083786010747 0.89499998092651378 467847.10937500006 7755.5000000000009 336907.70312500006 838.63000488281261 0.0016064536757767203 26997.629882812504 84555.488281250015 2254.5000000000005 0.0096143959090113657 74.024997711181655 203.9387130737305 0.2950000017881394 2.5000000000000004 0.2950000017881394 0.38499999046325689 39.979852676391609 0.49500000476837164 4339.3264160156259 75.814998626708999 5606.8959960937509 39.979852676391609 19.979999542236332 135.34999847412112 1285.5000000000002 62.500000000000007 85.950000762939467 0.39499999582767492 2199.7712402343755 7.5000000000000009 12.219999790191652 0.095000002533197417 1.5000000000000002 770.50000000000011
decision_type=2 2 2 2 2 2 2 2 2 2 2 2 2 2 2 2 2 2 2 2 2 2 2 2 2 2 2 2 2 2 2 2 2 2 2 2 2 2 2 2 2 2 2 2 2 2 2 2 2 2 2 2 2 2 2 2 2 2 2 2 2 2 2 2 2 2 2 2 2 2 2 2 2 2 2 2 2 2 2 2 2 2 2 2 2 2 2 2 2 2 2 2 2 2 2 2 2 2 2 2 2 2 2 2 2 2 2 2 2 2 2 2 2 2 2 2 2 2 2 2 2 2 2 2 2 2 2
left_child=1 -1 3 6 -5 13 8 -8 11 12 -6 17 16 15 54 29 86 18 75 24 21 23 -23 25 -20 -21 -25 -28 -29 73 -19 41 33 -33 -34 -36 -37 38 109 -40 -41 -32 43 71 45 46 47 62 -49 50 -50 -51 53 -53 -13 -56 106 58 -58 60 61 -59 63 64 -11 -66 76 69 -69 70 -68 -43 -73 -4 -75 103 77 78 79 80 81 -10 83 84 -71 -86 87 91 89 90 -89 114 93 94 -93 -95 -97 -98 -99 -80 101 -101 -77 104 105 -3 123 108 -108 110 111 112 -14 -112 115 116 -7 -118 -119 120 121 -65 -123 124 125 126 -16
right_child=-2 2 5 4 10 9 7 -9 66 44 -12 14 37 -15 56 -17 -18 30 19 20 -22 22 -24 26 -26 -27 27 28 -30 -31 31 32 34 -35 35 36 -38 -39 39 40 -42 42 -44 -45 -46 -47 -48 48 49 51 -52 52 -54 -55 55 -57 57 59 -60 -61 -62 -63 -64 119 65 -67 67 68 -70 82 -72 72 -74 74 -76 102 -78 -79 99 -81 -82 -83 -84 -85 85 -87 -88 88 -90 -91 -92 92 -94 95 -96 96 97 98 -100 100 -102 -103 -104 -105 -106 -107 107 -109 -110 -111 113 -113 -114 -115 -116 -117 117 118 -120 -121 -122 122 -124 -125 -126 -127 -128
leaf_value=0.050739188198024122 0.050686558874997234 0.090588623108945276 -0.082019804335301802 0.051294397957005106 0.055400392060424644 -0.091689959184467637 0.054404357752437377 -0.087775482653143444 -0.07183421962188706 -0.096769297617100736 -0.10435417399766561 -0.087164610414814436 -0.092964585931226584 -0.098036520218145962 -0.087318003718364609 -0.055592742848777923 -0.087036285396427868 -0.096343248174006468 -0.078782580708648506 -0.08584209756046278 -0.100684608768147 0.063546991730219438 -0.09681420676792224 0.059186003513418822 0.072445819894681726 0.071542528493589969 -0.092189344861261027 0.06317851799425124 -0.088764202607361897 -0.096227752048537341 -0.094828789172624217 -0.099239469708807163 -0.09282882552927324 0.06614427667521515 -0.098446555391341131 -0.084101015964859901 0.069520899144029591 -0.09653399216342555 -0.088306612822605893 -0.087294241410353912 0.072743829931666906 -0.093850427714225387 -0.091777746775469973 0.07031362399288596 -0.09661319557910808 -0.094843613024740397 -0.093867311342366935 -0.095528434651780181 -0.096822625614796362 -0.088135956839757862 0.078455714414158217 -0.067524270828732344 -0.07438986311853088 0.080438206963948239 -0.0874395012995548 0.063451707413756303 -0.019159734467578834 -0.094198093773179239 -0.081514023338262215 -0.094850393880030193 -0.089946410954125033 0.077591130586428012 -0.092176594829440017 -0.011631078355214854 -0.0525221239942045 0.079386000206044319 -0.098729154573581182 0.074024814923457985 -0.12349351748871751 -0.08139026696597787 0.071091266214039703 0.071305832204649325 -0.090504997404989199 -0.037927266014977951 -0.10380031876599434 -0.097916128833953828 -0.10016029877283697 -0.091770747346082981 -0.091881514586324348 -0.08535038095438191 -0.098847956908717727 0.080821645596909852 -0.10113308709813121 -0.10405882885852689 -0.12044053581426735 0.072539147497153095 -0.097759658522624554 0.061925528584003735 0.053448522284934498 -0.1015479015770302 -0.083717217691341828 0.086164855041032107 -0.095115693655007327 -0.095273797964544479 -0.098997181461951425 -0.090367374422403279 -0.085182134489721742 0.088006466684436263 -0.064940844007463347 -0.018520135613728207 -0.093033326515705617 -0.07914712588066003 -0.093000980907481143 -0.095703522755910764 -0.087910670296444657 -0.086321227344391988 0.064597372693675992 -0.091630614720956183 -0.081763391026967905 -0.094861497686630131 -0.09914401890334136 -0.087894119837918117 0.07601974959491524 -0.06841263893772688 -0.097553607954942542 -0.09674199045878569 -0.088550231142564745 -0.02164775494503594 -0.075452089949449797 -0.091674844675846065 -0.086696747051530021 -0.050000657344464461 -0.091815104442583673 -0.093901159928369504 -0.089827042314180261 -0.093219477633972411 0.08192774646114849
leaf_weight=76.188122999854386 21926.07922077179 10.089937567710876 994.71109049022198 46.959678865969181 6.1809222605079404 1263.7103778272867 24.815219492651522 56.939398443326354 37.958922689780593 21.800267841666937 32.029121453873813 1693.7101573571563 22.867233000695705 448.03220538794994 11.564932301640512 87.648603267967701 584.12948229722679 43408.722394831479 11.984314519912006 11.363524443469943 232.9054454928264 20.870490867644548 10.643513530492784 5.6984909400343886 18.235999535769224 15.281489995308219 203.8827366316691 11.808034203946589 45.469346042722464 282.97584979981184 3807.5064028147608 10.453512124717237 99.208942469209433 13.330219600349663 10.913385696709154 11.828498769551517 12.374341351911424 23085.192652786151 234.28939635306597 34.947380299679935 10.575193582102655 22.198100866749883 328.69653464853764 12.197321649640797 1525.4565101638436 1508.7420188225806 808.82003903016448 98.231494843959808 11.025294095277788 102.9060740172863 13.828083217144011 13.23211392760277 37.255193129181862 12.929169937968252 24.840435244143009 7.6588577795773736 20.467267893254757 22.360027670860291 24.321701109409332 310.953050121665 145.89189131557941 15.924636289477347 747.15657521784306 21.011251747608185 14.795941278338434 9.3540363460779172 23.237866524606943 10.913751609623432 10.019631385803223 83.77892054989934 13.147019058465956 6.3399609010666618 11.1645373608917 35.642790421843529 11.730549797415732 2125.0402938900515 291.57221902906895 2703.1394527740777 1270.874923158437 1549.1805155239999 43.093821939080954 15.404615338891743 120.45607174560428 43.631663374602795 10.199345752596857 11.473651818931101 177878.52788089402 10.034001838415859 140.51504690758884 95.925381265580654 36.020327221602201 16.087844431400299 4513.632134988904 367.28324162214994 42.42320504784584 104.95026884973049 23.196669116616249 8.7789934575557709 12.724907100200653 19.257598996162415 44.904384523630142 35.386308297514915 2736.6280616577715 75.596469506621361 79.779510263353586 11.145523622632027 8.5743528399616462 90.138145826756954 36.352434294298291 9432.232049304992 304.43325209617615 174.17398259043694 14.029613319784401 64.197244063019753 118431.22645695135 8898.2507382929325 78.365667790174484 17.837605953216553 23.998865976929665 247.89267645776272 139.84054906666279 29.707364708185196 56.559567138552666 12142.136544803157 157.66518933326006 22.531514957547188 9.0011378545314056
leaf_count=5337 1640960 47 969 3262 237 350 1438 76 46 8 53 1344 14 48 6 341 445 8638 15 11 53 541 2 229 424 248 353 307 95 151 1035 2 47 133 4 9 102 4010 92 25 91 14 155 93 360 417 252 29 4 51 63 14 29 57 40 85 50 11 19 121 60 73 293 51 23 43 32 59 1 80 99 47 8 73 14 488 32 1081 509 910 13 74 58 23 3 78 20269 145 3052 39 29 69 855 101 8 80 15 38 11 39 28 20 832 19 65 4 73 43 30 2095 99 99 80 57 14731 1389 30 31 15 110 82 42 26 3986 68 11 46
internal_value=-0.0894631 -0.0966444 -0.0966706 -0.0943169 -0.00694118 -0.0971679 -0.0944168 -0.0446192 -0.0944714 -0.0972266 -0.078512 -0.0949655 -0.097304 -0.0860849 -0.0924135 -0.0822945 -0.0974657 -0.0956703 -0.0926502 -0.0755054 -0.0802708 -0.0656425 0.00938673 -0.0736985 0.012474 0.00442138 -0.0814985 -0.0845682 -0.0574404 -0.0840608 -0.0960262 -0.0928593 -0.0668782 -0.00654579 -0.0775607 -0.0344256 -0.00555775 -0.0957899 -0.094121 -0.0820934 -0.0501163 -0.0938402 -0.08395 -0.0343745 -0.0922865 -0.090592 -0.087904 -0.0848466 -0.0727733 -0.0610811 0.000699874 -0.0703129 -0.0413914 0.00560028 -0.0865003 -0.0518801 -0.0931976 -0.0849421 -0.0530199 -0.0878298 -0.0759766 -0.0227418 -0.0875591 -0.0811817 -0.046662 -0.00143001 -0.0891609 -0.0787081 -0.0205161 -0.08269 -0.0373676 -0.0665365 -0.0318987 -0.0807569 -0.0542387 -0.0946516 -0.0897293 -0.0891975 -0.0868913 -0.0838366 -0.0595233 -0.0277666 -0.088808 -0.0788496 -0.068419 -0.0182774 -0.0974853 -0.0971212 -0.0163715 -0.0854712 -0.0519856 -0.0972917 -0.0940518 -0.0857073 -0.0480861 -0.0899655 -0.0769376 -0.0454066 -0.00249992 -0.0905595 -0.0736827 -0.057781 -0.0951494 -0.0809482 -0.0699058 -0.00226328 -0.0935548 -0.079057 -0.0538302 -0.0944571 -0.0878777 -0.0775483 -0.0287102 -0.0937921 -0.0974198 -0.0958787 -0.0903278 -0.076007 -0.0525118 -0.084386 -0.0770743 -0.0645312 -0.0774156 -0.0937135 -0.0823627 -0.0550555 -0.0132443
internal_weight=449838 427912 427836 74630 85.1697 353206 74544.8 81.7546 74463.1 351345 38.21 68125.4 345925 1860.74 14744.1 1412.71 312548 53381.4 5626.42 588.143 557.923 325.018 31.514 293.504 30.2203 26.645 266.859 261.16 57.2774 1325.06 47754.9 4346.21 158.109 23.7837 134.325 35.1162 24.2028 33376.9 10291.7 279.812 45.5226 4188.1 380.596 51.8999 5420.54 3895.09 2386.35 1577.53 289.407 191.176 24.8534 166.323 63.4165 26.1613 1726.21 32.4993 13017.9 539.919 44.789 495.13 184.177 38.2847 1288.12 540.962 45.9502 24.15 6337.63 326.858 20.9334 305.925 36.3849 39.7026 17.5045 1042.08 47.3733 5038.28 6010.77 5719.2 3016.06 1645.64 96.4574 53.3635 269.54 149.084 105.452 21.673 311963 134085 282.495 141.98 46.0543 133802 5089.08 575.445 58.511 516.934 149.651 44.7006 21.5039 1370.42 99.5483 54.6439 4861.67 176.611 101.015 21.2355 12478 135.065 44.9268 10011.9 579.701 211.071 36.8968 368.63 128713 10282.2 1383.91 120.202 41.8365 495.011 247.119 107.278 86.2669 12342.9 200.763 43.0976 20.5661
internal_count=1726548 85588 80251 28337 3552 51914 24785 1514 23271 50318 290 20086 48364 1596 6066 1548 41702 14020 3733 2278 1839 1786 543 1243 439 259 984 755 402 1207 10287 1649 297 135 162 115 111 6662 2652 208 116 1352 317 162 1954 1594 1177 925 247 218 67 151 100 71 1469 125 4597 334 69 265 144 84 678 385 74 66 3185 433 60 373 131 69 55 1056 87 1455 2752 2720 1639 1043 133 120 242 184 161 81 41257 20988 3265 213 174 17723 1177 322 77 245 144 64 49 596 87 59 1320 135 116 51 4263 146 103 2444 349 193 94 156 16546 1815 426 76 46 311 201 119 68 4117 131 63 52
is_linear=0
shrinkage=0.05


Tree=12
num_leaves=128
num_cat=0
split_feature=22 17 10 6 9 1 1 8 16 7 6 4 6 4 3 10 3 3 17 16 19 4 1 4 11 16 18 2 6 3 1 2 4 6 10 7 9 11 18 1 10 10 11 4 0 4 3 0 4 19 19 8 6 4 2 18 14 4 2 1 18 18 19 1 4 18 16 1 1 2 18 2 1 0 3 1 18 14 4 4 0 2 18 18 9 4 1 1 0 0 17 3 19 18 10 5 0 4 3 9 2 3 11 4 14 4 3 18 12 18 19 4 18 18 4 16 7 18 2 9 4 4 1 1 0 1 4
split_gain=162116 591.41 221.602 228.298 130.332 104.556 80.7685 70.0099 125.801 59.2569 48.3074 46.9363 37.6261 37.391 26.4224 26.0798 25.7936 24.0343 100 62.3071 61.2826 46.6514 28.9314 74.4777 66.7959 60.9387 57.7741 19.7032 19.5488 73.278 18.407 77.9038 17.0592 23.2893 74.6057 16.8476 43.1482 43.4615 57.3644 62.3332 16.5814 15.3629 22.0671 16.076 19.0862 16.5417 56.6792 48.7098 18.2422 17.1768 45.7329 15.1724 19.9624 75.0091 14.502 35.656 30.2689 55.7778 14.1703 13.4026 13.3026 652.299 497.614 26.9073 59.8229 22.3719 19.3619 18.2074 26.6455 91.4345 13.1067 12.9407 12.4668 13.5276 12.2375 36.7074 58.1455 14.3657 41.3855 70.7971 14.8631 15.6229 14.4848 54.3733 18.4546 12.0918 31.9012 19.8657 59.0614 43.1891 12.2943 11.9827 49.0867 97.2517 19.8509 116.063 11.528 13.0889 87.7589 90.4686 11.5699 11.2564 11.1483 14.6124 25.4844 30.1447 58.9769 87.5908 11.0584 12.0878 21.699 45.5055 11.0048 59.3006 37.381 61.8305 10.9199 37.4376 48.8026 48.6743 10.6474 10.2778 34.3569 35.5326 31.27 23.574 47.3983
threshold=10.500000000000002 59.000000000000007 0.39499999582767492 3.5000000000000004 0.095000002533197417 2.117991425620858e-05 0.019557798281311992 2.5000000000000004 980.50000000000011 1.5000000000000002 1.0000000180025095e-35 111.3050003051758 1.0000000180025095e-35 210.54999542236331 33.420000076293952 0.090454548597335829 51.359998703002937 10.660000324249269 62.500000000000007 1334.5000000000002 84.31000137329103 53.155000686645515 0.0096143959090113657 81.130001068115249 0.64499998092651378 2979.5000000000005 226.50000000000003 3.2513130903244023 2.5000000000000004 26.020000457763675 0.00067295553162693988 216862.00781250003 161.20500183105472 1.0000000180025095e-35 0.2950000017881394 1.0000000180025095e-35 0.49500000476837164 0.095000002533197417 432.50000000000006 0.0041211855132132777 0.59499999880790722 0.78999999165534984 0.095000002533197417 98.93500137329103 153.33653259277347 64.465000152587905 26.819999694824222 94.243225097656264 53.155000686645515 80.434997558593764 64.194999694824233 1.0000000180025095e-35 1.5000000000000002 73.569999694824233 84555.488281250015 1474.5000000000002 0.19500000029802325 114.51499938964845 5963.8889160156259 0.027578556910157207 1512.5000000000002 1494.5000000000002 324.27000427246099 0.0096143959090113657 171.25000000000003 1485.0000000000002 10941.000000000002 0.0028886605286970739 0.00043746591836679732 60419.384765625007 1512.5000000000002 18903.016601562504 5.9092046740261148e-06 130460.51562500001 31.979999542236332 0.00023036957281874495 241.50000000000003 0.59499999880790722 62.085000991821296 47.250000000000007 404.31729125976568 3326.260620117188 791.50000000000011 1293.0000000000002 0.095000002533197417 157.34999847412112 0.0028886605286970739 0.00014768361870665106 175604.17187500003 10288.099609375002 62.500000000000007 22.340000152587894 372.25000000000006 2958.0000000000005 0.090454548597335829 7.5000000000000009 39.979852676391609 97.204998016357436 22.340000152587894 0.095000002533197417 5606.8959960937509 6.0199999809265146 0.32500000298023229 87.604999542236342 0.89499998092651378 63.375000000000007 18.380000114440922 92.500000000000014 0.034999999217689044 99.500000000000014 61.694999694824226 47.250000000000007 1467.5000000000002 1074.5000000000002 129.84999847412112 2254.5000000000005 1.5000000000000002 235.50000000000003 466.92424011230474 0.17500000447034839 65.915000915527358 181.25000000000003 0.0010423242929391565 0.00011916994844796137 3691.3891601562505 0.00029999970865901565 136.83499908447268
decision_type=2 2 2 2 2 2 2 2 2 2 2 2 2 2 2 2 2 2 2 2 2 2 2 2 2 2 2 2 2 2 2 2 2 2 2 2 2 2 2 2 2 2 2 2 2 2 2 2 2 2 2 2 2 2 2 2 2 2 2 2 2 2 2 2 2 2 2 2 2 2 2 2 2 2 2 2 2 2 2 2 2 2 2 2 2 2 2 2 2 2 2 2 2 2 2 2 2 2 2 2 2 2 2 2 2 2 2 2 2 2 2 2 2 2 2 2 2 2 2 2 2 2 2 2 2 2 2
left_child=1 -1 3 6 -5 13 7 10 -9 12 17 -6 14 16 60 74 27 18 101 20 -20 -21 23 25 -25 26 -23 72 32 -30 -27 -32 59 58 -35 -19 54 -38 -39 -40 51 42 43 44 45 46 48 -48 -11 50 -50 96 -53 -54 -37 56 -56 -58 -34 91 61 65 63 64 -63 85 -67 68 -68 -70 108 -60 -4 -74 77 -76 -77 80 79 -79 82 -82 -12 -84 -85 86 87 88 89 -7 -89 -8 94 -94 95 -93 97 100 99 -99 -14 -3 103 104 105 -80 107 -107 109 110 -61 -112 113 120 115 -115 -17 118 -118 -120 -92 122 123 -16 125 -125 -127
right_child=-2 2 5 4 11 9 28 8 -10 41 15 -13 40 -15 121 116 -18 35 19 21 -22 22 -24 24 -26 30 -28 -29 29 -31 31 -33 33 34 -36 36 37 38 39 -41 -42 -43 -44 -45 -46 -47 47 -49 49 -51 -52 52 53 -55 55 -57 57 -59 71 70 -62 62 -64 -65 -66 66 67 -69 69 -71 -72 -73 73 -75 75 76 -78 78 102 -81 81 -83 83 84 -86 -87 -88 90 -90 -91 112 92 93 -95 -96 -97 -98 98 -100 -101 -102 -103 -104 -105 -106 106 -108 -109 -110 -111 111 -113 -114 114 -116 -117 117 -119 119 -121 -122 -123 -124 124 -126 126 -128
leaf_value=0.050702625326651034 0.050652631339997679 -0.075122116407518313 -0.076705662319344503 0.051243469770248296 0.05516694769910542 -0.052446375149815476 -0.089341424363634306 0.054130760879518638 -0.083812809887547524 -0.084612100417399583 -0.085588945732600022 -0.098141727201732754 -0.094336995841487525 -0.093500627324824795 -0.079119693395835355 -0.089171987208635534 -0.051094956265174053 -0.091901447415023582 -0.080923146168420335 0.060119323034149755 0.069862592955717895 -0.081603140986005684 -0.094938927545424739 0.063009884776625127 -0.092056697224893999 -0.086858447737059696 0.070900711689832571 -0.090304543364560577 0.067404474765686798 -0.082767253415146624 0.062653707346237625 -0.083831576730592425 -0.085681349772107035 0.079223191766656501 -0.083073771645419334 -0.090543214056468271 -0.082902790392436837 -0.090390042277146421 -0.074671608460327166 0.067056555319782662 -0.091909733788341469 -0.090358346405161744 -0.089816535718360152 -0.087513768113562151 -0.088661475366814055 -0.077686341814810086 0.074640308751800569 -0.058968697031875121 -0.073911474326501275 -0.067606607223287665 0.076383709765371011 -0.083891586297928727 -0.08231055043162451 0.071499121615415426 -0.071319255190973027 -0.08757804469939745 0.070337134209184221 -0.082459328729193149 -0.035923550988100697 -0.11026542083542079 -0.093236420304866827 0.061485200231326288 0.053293222315228629 -0.095937379546733342 -0.078780650381056527 -0.089597214610008732 -0.080716617222639717 -0.086777115805309044 -0.079096855625070739 0.08817961158508808 -0.095169954639819754 -0.085981645320093933 -0.073979186834123675 -0.020539340123376933 -0.092354399190141934 -0.087409598841937039 0.07292082497533621 -0.094034061441678043 -0.08751209199231455 0.088714305165623203 -0.13494954630836539 -0.090102110030327864 0.065841025688752594 -0.10051391728042243 -0.035120890084062932 -0.093335255823885355 -0.092578183434341668 -0.092093151402967116 -0.090104618098253791 0.083680579310659517 -0.079102166571676319 0.075596325971591521 0.069329332716737954 -0.082722846707670938 -0.087223558619556496 -0.090529696790176362 -0.090238445201843875 0.085023398238645076 -0.087904202854854854 -0.065376074472581008 -0.072018337563185528 -0.090601888229423944 -0.053480152728838472 -0.090448424292764659 -0.090543381003311885 -0.087027017524124742 -0.087705148249368398 0.091120822272220736 -0.091568451217194563 -0.083826755333248598 -0.078950064165081046 0.080725122236187996 -0.099414876565387916 -0.066795844307613955 -0.074359108875218835 0.09119656432506934 -0.079682366889766723 -0.086393910220981585 -0.060796441976912918 0.077671196763194367 -0.088853394453535378 -0.091010547645011888 -0.08585311521335566 -0.097345457129841106 0.072670065759493627 0.078924272491821629 -0.070560057133957216
leaf_weight=72.523329495452344 20870.35049200058 120.66860740631819 1010.0205359607935 44.712703695520759 5.9037273833528152 14.232258304953577 4721.1044519282877 23.286457601934671 56.948168661445379 104.5789428204298 680.80194387584925 32.344672322273254 262.31989533826709 446.31443382799625 48.607659496366978 9595.6355181746185 90.51790002733469 40173.446266949177 11.560527993366124 6.742580257356166 16.154596191830933 11.365624321624638 106.93806246854365 20.01758626755327 10.633928120136263 205.52900423947722 13.691388573497532 286.36406690627337 9.8218783205375058 46.975241269916296 11.323862280696629 45.729929830878973 192.38831839524209 10.039358399808405 24.029168888926506 3548.9382145348936 91.870714172720909 21.433291912078857 12.329202454537151 20.924133997410536 23035.189060164616 2517.6806325912476 1316.9569213725626 602.90066427737474 264.75531860440969 524.49882521852851 13.30502662062645 13.998949006199837 12.697937205433847 51.147196710109711 8.4162831231951696 234.28470062464476 35.20285484008491 10.230099069885908 49.725749235600233 328.10371692851186 12.464233828708529 11.468251027166843 31.338379509747028 10.305772781372072 177196.8449821528 9.6112710759043676 134.04171246849 96.442670207470655 36.354181423783302 3029.9954362399876 47.158027663826942 108.67419627308846 24.816241696476936 12.178113371133803 291.27289487421513 21.955964058637619 27.143741190433502 21.007054723799229 31.966192968189716 11.582843378186228 11.049290558323262 11.062024779617788 34.19927535019815 10.173789180815218 29.616329699754715 56.398465922102332 7.5328347422182551 32.151450723409653 16.237961035221815 62864.295275246724 64924.506335616112 893.15611670911312 56.913361251354218 9.8658687993884069 435.55494429916143 12.891855288296936 15.354022379964588 33.374015301465988 1331.6665389202535 56.99717154353857 9419.8275720402598 15.986273538321255 203.42793011665344 26.695903915911913 74.575467243790627 4387.2248637359589 41.092854380607605 189.73282632045448 79.076746199280024 11.440723821520807 22.42708770185709 17.38392311707139 480.4667883887887 5323.9047129470855 12.153804477304222 7.0503824185580006 114.43756966292858 12.108954548835756 23.149611622095108 12.674201250076292 47.523837527260184 1618.2792316265404 13.126021891832353 12.288107380270956 783.54059195518494 215.64828372001648 281.61542529985309 10.945871986448763 8.0207500010728818 9.1864252239465731 12.543785709887741
leaf_count=5337 1640960 118 969 3262 237 17 1414 1431 75 59 457 53 93 48 58 3102 341 7776 13 269 418 10 32 541 2 353 210 151 82 33 307 95 83 51 17 922 72 5 15 199 4010 688 372 234 88 335 64 17 11 45 41 92 25 91 57 152 102 10 48 1 20269 145 3052 39 29 681 32 30 28 52 33 7 36 51 13 20 83 5 19 47 20 36 90 12 51 6791 9264 178 36 54 249 87 145 12 485 44 2095 70 97 31 58 1149 43 86 41 6 10 77 147 2727 11 41 16 8 12 53 33 663 14 56 222 76 143 5 69 58 36
internal_value=-0.0854134 -0.0920678 -0.0920921 -0.089617 -0.00671926 -0.0926167 -0.0897092 -0.0904528 -0.0437775 -0.0926799 -0.0905134 -0.0744782 -0.0927615 -0.0808611 -0.0929324 -0.0877483 -0.0769301 -0.0912199 -0.0879221 -0.0657068 0.00696687 -0.0703695 -0.0724386 -0.064879 0.00921264 -0.0727744 0.0017264 -0.0786694 -0.0860658 -0.0567982 -0.0798836 -0.0547576 -0.086198 -0.0739891 -0.0352479 -0.0915899 -0.0885357 -0.0618955 -0.0266043 0.0145086 -0.0911645 -0.0874977 -0.0850256 -0.081073 -0.077164 -0.0729863 -0.0609108 0.00613799 -0.0712631 -0.051944 -0.0140027 -0.089495 -0.0780095 -0.0476774 -0.089524 -0.0805204 -0.049083 -0.00288168 -0.0793613 -0.0864758 -0.0929524 -0.0925757 -0.015851 -0.080933 -0.0494514 -0.0927348 -0.0886196 -0.073257 -0.0557971 -0.0240314 -0.0848188 -0.0565463 -0.0755207 -0.0506646 -0.0810247 -0.0578579 -0.00913428 -0.0820453 -0.0744802 -0.00648181 -0.0858759 -0.105544 -0.0835796 -0.0591176 -0.0785701 -0.0928367 -0.0923708 -0.086655 -0.0623246 0.00328454 -0.0875215 -0.0881203 -0.0841452 -0.0348118 -0.0858604 -0.0598858 -0.0898162 -0.0829932 -0.0742279 -0.00904514 -0.0893965 -0.0901875 -0.0781326 -0.0809922 -0.0700873 -0.0511572 -0.0268983 0.0204126 -0.084302 -0.0836499 -0.0517375 -0.0203289 -0.0845658 -0.0832246 -0.0286728 0.0140021 -0.0885191 -0.0848146 -0.0497737 0.00615471 -0.0853695 -0.0823304 -0.0772838 -0.0502611 -0.0157929 -0.0375072 -0.0073657
internal_weight=447615 426745 426673 74615.4 82.9611 352057 74532.4 61899.3 80.2346 350176 61819.1 38.2484 344745 1881.37 311427 12580.8 1435.05 49238.3 4967.58 459.687 27.7151 431.972 425.229 318.291 30.6515 287.64 25.057 1344.54 12633.1 56.7971 262.583 57.0538 12576.3 279.751 34.0685 44270.7 4097.26 146.557 54.6866 33.2533 33317.7 5430.94 2913.26 1596.3 993.398 728.643 204.144 27.304 176.84 72.2614 21.1142 10282.6 279.718 45.433 3950.7 401.762 73.6582 23.9325 245.683 12296.5 310841 133644 276.45 142.408 45.9655 133367 3222.82 192.827 84.1524 36.9944 6125.15 53.2943 1058.17 48.1508 1293.93 54.5983 22.6321 1239.33 416.589 21.2358 822.739 86.0148 736.724 55.9222 48.3894 130144 67280.1 2355.63 81.0115 24.0981 2274.62 6171.39 1450.28 48.728 1401.56 69.889 10002.8 583.005 246.11 42.6822 336.895 4507.89 395.353 354.261 164.528 85.451 51.2517 28.8246 5833.88 5353.41 29.51 19.2042 1381.47 1267.03 47.9328 24.7832 11286.9 1691.22 72.938 25.4141 1219.1 586.568 370.92 89.3045 40.6968 32.6761 21.7302
internal_count=1726548 85588 80251 28337 3552 51914 24785 19317 1506 50318 17811 290 48364 1596 41702 4984 1548 12827 3517 2250 431 1819 1550 1518 543 975 220 1207 5468 115 755 402 5353 206 68 9310 1534 291 219 214 6662 1954 1266 894 660 572 237 81 156 97 52 2652 208 116 1243 321 169 112 138 5147 41257 20988 3265 213 174 17723 823 142 112 80 2960 55 1056 87 1116 116 103 1000 334 52 666 56 610 153 63 16900 10109 845 107 71 738 2187 773 157 616 131 2444 349 198 101 151 1267 282 239 153 112 93 83 2927 2780 53 52 560 544 73 61 3868 766 103 70 471 445 369 226 168 99 94
is_linear=0
shrinkage=0.05


Tree=13
num_leaves=128
num_cat=0
split_feature=22 17 10 6 9 1 1 7 8 16 6 4 6 4 3 10 3 3 17 18 4 14 1 4 11 1 2 11 2 6 3 7 9 4 2 11 3 10 1 4 4 4 6 10 10 11 18 2 1 4 2 5 10 9 19 13 18 18 19 18 4 18 1 19 1 1 2 1 4 2 3 14 4 1 1 0 0 2 18 2 14 4 18 10 2 3 18 2 18 2 10 17 2 4 3 19 18 10 5 1 3 9 3 7 18 14 4 4 6 12 19 3 11 10 2 9 18 14 18 18 4 18 19 3 13 6 5
split_gain=146034 531.721 243.615 201.656 120.034 117.043 84.5401 65.1144 62.154 113.966 54.6028 41.9418 41.5662 40.862 26.797 26.5705 25.0516 24.2461 90.5689 57.1541 45.7743 37.0374 23.5542 83.0229 63.5106 45.4817 75.8797 58.6273 18.4791 17.5798 66.1046 17.3663 38.9663 40.3732 58.2489 31.2435 42.4262 16.7668 16.3424 37.393 92.2043 15.6198 20.9715 67.4331 14.8523 16.522 17.1449 15.7972 22.2063 24.4403 85.5411 15.1486 14.5184 19.3824 32.8883 63.9919 14.1362 580.932 455.899 25.4274 37.7983 22.1543 20.5165 18.3239 21.8445 27.4498 87.7016 14.0728 14.0564 16.0659 34.5584 42.8195 13.9399 32.6592 18.6116 52.5372 39.5234 13.2876 32.3502 48.6938 23.1739 43.3565 13.2518 13.0795 18.4556 24.0564 72.0882 12.8049 57.0414 12.7208 12.2352 11.8873 11.8648 11.5436 11.2084 43.0514 88.9345 18.2305 104.387 11.1983 11.8521 11.0107 10.839 10.6781 44.9748 11.4726 37.0129 64.1854 10.3546 10.2874 11.6689 23.0855 46.285 95.8034 22.8795 17.0471 50.1264 121.21 23.1868 28.3903 48.7281 10.7876 15.8826 21.981 10.3919 29.9482 65.5717
threshold=10.500000000000002 59.000000000000007 0.39499999582767492 3.5000000000000004 0.095000002533197417 2.117991425620858e-05 0.019557798281311992 1.5000000000000002 2.5000000000000004 980.50000000000011 1.0000000180025095e-35 111.3050003051758 1.0000000180025095e-35 210.54999542236331 33.420000076293952 0.090454548597335829 51.359998703002937 10.660000324249269 62.500000000000007 155.50000000000003 53.155000686645515 0.39499999582767492 0.0096143959090113657 81.130001068115249 0.64499998092651378 0.00067295553162693988 216862.00781250003 0.095000002533197417 3.2513130903244023 2.5000000000000004 26.020000457763675 1.0000000180025095e-35 0.49500000476837164 76.704998016357436 8767.9448242187518 0.095000002533197417 26.819999694824222 0.59499999880790722 0.027578556910157207 133.65000152587893 157.34999847412112 161.20500183105472 1.0000000180025095e-35 0.2950000017881394 0.89499998092651378 0.095000002533197417 373.50000000000006 4637.9570312500009 0.012030446436256172 65.564998626708999 13306.329589843752 6.5000000000000009 0.69499999284744274 0.095000002533197417 94.155002593994155 0.59499999880790722 1512.5000000000002 1494.5000000000002 324.27000427246099 1501.0000000000002 135.34999847412112 1485.0000000000002 0.012030446436256172 1081.6499633789065 0.0028886605286970739 0.00043746591836679732 60419.384765625007 0.027578556910157207 63.194999694824226 2830.319946289063 24.420000076293949 0.19500000029802325 157.34999847412112 0.0028886605286970739 0.00014768361870665106 175604.17187500003 10288.099609375002 84555.488281250015 1474.5000000000002 186932.96875000003 0.19500000029802325 114.51499938964845 1512.5000000000002 0.59499999880790722 7786.8571777343759 24.420000076293949 312.50000000000006 5606.8959960937509 350.50000000000006 5963.8889160156259 0.59499999880790722 62.500000000000007 18903.016601562504 59.524999618530281 22.340000152587894 372.25000000000006 2958.0000000000005 0.090454548597335829 7.5000000000000009 5.9092046740261148e-06 43.399999618530281 0.17500000447034839 6.0199999809265146 1.5000000000000002 401.50000000000006 0.59499999880790722 62.085000991821296 47.250000000000007 2.5000000000000004 0.034999999217689044 117.81000137329103 9.0199999809265154 0.27500000596046453 0.19500000029802325 5298.0344238281259 0.095000002533197417 416.50000000000006 0.69499999284744274 364.50000000000006 345.50000000000006 86.754997253417983 233.50000000000003 139.62000274658206 11.019999980926515 0.69499999284744274 1.5000000000000002 3.5000000000000004
decision_type=2 2 2 2 2 2 2 2 2 2 2 2 2 2 2 2 2 2 2 2 2 2 2 2 2 2 2 2 2 2 2 2 2 2 2 2 2 2 2 2 2 2 2 2 2 2 2 2 2 2 2 2 2 2 2 2 2 2 2 2 2 2 2 2 2 2 2 2 2 2 2 2 2 2 2 2 2 2 2 2 2 2 2 2 2 2 2 2 2 2 2 2 2 2 2 2 2 2 2 2 2 2 2 2 2 2 2 2 2 2 2 2 2 2 2 2 2 2 2 2 2 2 2 2 2 2 2
left_child=1 -1 3 6 -5 13 8 12 10 -10 17 -6 14 16 56 103 28 18 102 -20 -21 -22 23 25 -25 -23 27 -27 99 41 -31 -19 77 34 -34 -35 -37 38 108 68 -41 67 89 -44 45 46 47 52 -49 50 -50 87 53 -9 55 -55 57 61 59 60 -59 72 -62 -63 65 -65 -67 94 -40 70 71 -70 73 74 75 76 -7 -33 79 80 -79 -82 109 -53 -85 -86 -87 -51 -89 -43 -48 -76 -91 -93 -8 97 -97 98 -96 -4 -101 -17 -3 105 -105 -12 107 -107 -14 110 111 112 113 -69 -112 121 118 -118 119 -117 -121 122 -116 -124 125 -113 -127
right_child=-2 2 5 4 11 7 29 44 9 -11 15 -13 37 -15 -16 101 -18 31 19 20 21 22 -24 24 -26 26 -28 -29 -30 30 -32 32 33 35 -36 36 -38 -39 39 40 -42 42 43 -45 -46 -47 90 48 49 51 -52 83 -54 54 -56 -57 -58 58 -60 -61 62 63 -64 64 -66 66 -68 82 69 -71 -72 -73 -74 -75 91 -77 -78 78 -80 -81 81 -83 -84 84 85 86 -88 88 -90 92 -92 93 -94 -95 95 96 -98 -99 -100 100 -102 -103 -104 104 -106 106 -108 -109 -110 -111 114 124 -114 -115 115 116 117 -119 -120 120 -122 -123 123 -125 -126 126 -128
leaf_value=0.050667893580832873 0.050620396752035557 -0.071242917307088746 -0.072024798841030968 0.05119444706101034 0.054942376253003147 -0.04966705753033572 -0.08513064536256415 -0.075969343652056195 0.053988365027505127 -0.079529155292053899 -0.080761678017966049 -0.092786902014866501 -0.0861144840188105 -0.089567004394304039 -0.078313450270291851 -0.085881421591341586 -0.047130848291090627 -0.087862172110026698 0.066462713755036915 0.060252159931033569 0.060122247115997035 -0.082201983846004245 -0.089077569611717103 0.064152615389883011 -0.084636565946904677 0.068754190615051169 -0.079928529122087491 -0.068686416821078677 -0.085167468030149907 0.066421986896382054 -0.078285693131421696 -0.086356438889177017 -0.090487811833037654 -0.086744668075119991 0.065552406835805974 0.070147606753077629 -0.061252564481381749 -0.087885527623362672 -0.098865946417172473 0.084870660652329524 -0.085605887180949927 -0.081388772735091125 0.077204124610573799 -0.078278304161928186 -0.087482576931166844 -0.085760623283948248 -0.069719092825948528 -0.084198064408752687 0.077177088852337219 -0.075154202712003182 -0.080297152036264585 -0.091479741450722463 -0.083428446750470092 -0.082712144500346488 -0.075934993830969355 0.082914615174472295 -0.089311528437932872 0.052914446449316012 0.053145458795066117 -0.092059108731988443 -0.028337707572100496 -0.085683925995977628 -0.099981097699351498 -0.076433984829591267 -0.083541253761230602 -0.074193903472333261 0.085275703156732566 0.085637880071957745 -0.058775363549697493 -0.080591504704254774 -0.082876212655756162 0.084055937719866899 -0.08941685954510048 -0.088588359874147066 -0.087936771220078744 -0.085060951134504736 0.081340101019064193 -0.080834227179346615 -0.083480834180045593 0.068159742512474517 0.0699601917203512 -0.079764914544043192 -0.091005619954565783 -0.07252958719778145 -0.089946525945988551 -0.095234129744936433 0.086282617077416038 0.081419259368118585 -0.085286365000097078 -0.034075826550526045 -0.087847134626462209 -0.049261121094662422 -0.082056371963999578 -0.081190321728980067 0.074112735207056746 0.068348454645189141 -0.078989309081349948 -0.083005935760644411 -0.085312215428810623 -0.033103809552573034 -0.089702021880324445 -0.082752761567677871 -0.086421407003893475 -0.078543984419169266 0.067305459345946325 -0.088898276562616951 -0.074076020284950958 0.085606748340717576 -0.07314029259870683 -0.087056076649971198 -0.087210584055741849 -0.077157038159909375 -0.081820520498012361 -0.073625100915945152 -0.078117900703479751 -0.069976933819590637 0.085955911563671883 -0.094011950459400237 -0.088244542227052858 -0.068146459486263064 0.092671349278127035 -0.083103945185336439 -0.071139336550627819 -0.0050387896452892145 -0.083767139113671882 0.070286223390871025 -0.065333955274755592
leaf_weight=69.032421117648482 19864.814507961273 120.87037135101855 1021.5588802546263 42.571741797029972 5.638174512423574 14.276009008288385 4707.1754319425672 439.20534595102072 22.207720808684826 57.012301616370678 848.92874735221267 32.496120611205697 9570.7228574566543 442.70588923990726 585.81025413796306 5416.0908789169043 93.153218969702721 39925.090011909604 8.4116303110495192 7.1684228787198654 5.6463027838617554 217.58688172325492 107.52952104434371 21.358924248255789 10.797813966870306 21.456552133895457 45.673353762365878 12.154281996190546 288.39609092473984 9.4775369400158507 47.175221495330334 3535.2458091340959 10.372119382023813 87.254451250657439 14.12604379840195 8.034418907016514 26.094937367364764 22888.864122278988 84.523793071508408 12.094601616263388 23.04353579133749 192.40492164157331 9.7930598668754083 24.220743149518967 1521.6247264072299 1505.9621869400144 108.53298791497946 132.47951585054398 13.787749350070952 11.83810482919216 23.025141566991806 53.836296647787094 736.40878921747208 11.580502152442934 35.020393058657646 11.747974187135695 175768.76814416423 7.859982442110776 127.8499858668074 94.182792216539383 18.532431084662676 2990.1473906338215 21.686374790966511 47.305761069059372 129.17489074170589 25.12486720085144 13.125841841101645 15.501475043594835 13.383329413831236 328.50538961961865 34.671609744429588 8.6315026208758336 62350.409871790558 64466.903389587998 888.70339286327362 57.263394922018051 9.647793233394621 45.468619113788009 327.01978674530983 8.1901281997561437 8.4220863692462444 11.352580096572638 289.41417990624905 107.60031539201736 11.051169723272322 10.369839668273928 11.57557402551174 9.3604694902896881 11.357303515076637 31.384488932788372 653.64882872253656 28.914246901869774 21.858158618211746 1349.4657393489033 12.502330902963875 14.809477010741828 33.207771256566048 1329.4011371098459 57.445994161069393 36.364209398627281 12.405136950314043 5849.1792499311268 4369.854234084487 25.424721380695701 6.6729255467653266 11.11444676667452 396.11118661053479 10.019798919558523 156.29606388509274 480.10308995842934 1102.4761240892112 1637.3176004737616 56.587215691804886 24.158566489815712 218.47393239289522 249.08495077490807 16.679760046303272 21.307821407914162 187.90572655946016 12.654087275266649 7.503357730805873 1138.7028825990856 36.169455464929342 19.281795836985111 550.77217145636678 10.785174313932655 51.334942765533924
leaf_count=5337 1640960 118 969 3262 237 17 1414 278 1431 75 670 53 2135 48 445 1607 341 7776 285 290 61 480 35 555 3 429 93 19 151 82 33 922 2 34 148 72 35 4010 15 53 14 83 51 17 360 417 75 44 64 7 11 13 281 6 19 55 20269 153 3052 13 40 672 7 32 34 28 57 73 16 190 24 48 6791 9264 178 36 54 28 152 64 68 9 33 68 4 1 49 41 5 48 156 36 7 524 87 145 12 485 44 73 14 2261 1149 49 63 5 282 47 157 147 331 899 24 16 110 218 79 5 68 12 32 449 24 38 256 85 61
internal_value=-0.081877 -0.0880876 -0.0881102 -0.0855102 -0.00651752 -0.088663 -0.0855961 -0.0887306 -0.0863598 -0.0421002 -0.0864168 -0.0709451 -0.0888167 -0.0762692 -0.0889972 -0.0834764 -0.0722144 -0.0871715 -0.0838532 -0.0626671 -0.0650842 -0.067116 -0.0687617 -0.0621222 0.0141911 -0.0703884 -0.0379673 0.0190532 -0.0739341 -0.0818674 -0.0540773 -0.0875446 -0.0844381 -0.0590628 -0.000512455 -0.0708797 -0.0303195 -0.0871334 -0.0854508 -0.0766796 -0.0269276 -0.0819927 -0.0703084 -0.0335127 -0.0832931 -0.0816579 -0.0790754 -0.0761812 -0.067496 -0.0591083 -0.0213174 -0.0652372 -0.0789705 -0.0723724 -0.0452972 0.000695742 -0.0890175 -0.0886278 -0.015376 -0.0769559 -0.0473699 -0.0887773 -0.0669685 -0.0846708 -0.0705626 -0.0509671 -0.0194714 -0.0822588 -0.0804014 -0.0763497 -0.0517678 -0.00277454 -0.0888792 -0.0883774 -0.0825854 -0.0590632 0.00316443 -0.0853786 -0.0767465 -0.0467568 -0.0611825 -0.0159966 -0.0805623 -0.0705226 -0.0624979 -0.0297851 0.000510729 -0.0336708 -0.00996732 -0.0754034 -0.0852657 -0.0834277 -0.0537737 -0.0805205 -0.0839475 -0.0800995 -0.0335474 -0.0816969 -0.0568171 -0.0709073 -0.0475003 -0.084257 -0.0860129 -0.076703 -0.0482227 -0.077425 -0.0706362 -0.00616501 -0.085906 -0.0800445 -0.0794161 -0.0767729 -0.0527928 -0.0113758 -0.0814764 -0.0781627 -0.0701794 -0.0149908 -0.0747654 -0.0653582 -0.00828403 -0.0809609 -0.0720523 -0.0481545 -0.0777985 -0.0758642 -0.0417878
internal_weight=443660 423795 423726 74295.7 80.706 349430 74215 347536 61597.9 79.22 61518.7 38.1343 342116 1894.58 308995 12563.5 1451.88 48955.2 4948.51 457.784 449.372 442.204 436.557 329.028 32.1567 296.871 79.2842 33.6108 1358.72 12617.1 56.6528 44006.7 4081.58 145.882 24.4982 121.384 34.1294 33120.7 10231.9 504.854 35.1381 12560.4 279.661 34.0138 5420.01 3898.39 2392.43 1630.24 396.281 263.802 36.8129 226.989 1233.96 497.554 58.3489 23.3285 308409 132641 270.112 142.262 48.0788 132370 40.2188 3204.88 214.731 85.5565 38.2507 12280.8 469.716 385.192 56.6864 22.0148 129166 66815.2 2348.27 81.1872 23.9238 3935.7 400.453 73.4334 65.2433 19.7747 6126.21 194.433 140.597 32.9966 21.9454 32.5559 20.7178 245.648 762.182 2267.08 53.2426 1378.38 6154.54 1447.37 48.0172 1399.35 69.9483 1070.33 48.7693 11265.3 4490.72 1298.27 32.0976 1266.17 417.245 21.1342 9727.02 5836.8 5356.7 2346.46 96.2473 39.66 3010.24 1907.76 495.136 37.9876 457.148 269.242 20.1574 1412.63 273.925 55.4513 2250.21 1699.44 62.1201
internal_count=1726548 85588 80251 28337 3552 51914 24785 50318 19317 1506 17811 290 48364 1596 41702 4984 1548 12827 3517 2250 1965 1675 1614 1579 558 1021 541 448 1207 5468 115 9310 1534 291 150 141 107 6662 2652 360 67 5353 206 68 1954 1594 1177 946 307 263 75 188 639 358 80 61 41257 20988 3265 213 200 17723 47 823 151 117 85 5147 293 278 88 64 16900 10109 845 107 71 1243 321 169 105 77 2960 135 122 54 50 53 46 138 231 738 55 560 2187 773 157 616 131 1056 87 3868 1267 1116 112 1004 334 52 2292 2927 2780 1414 113 89 1366 1035 414 84 330 262 44 621 172 62 1301 1045 146
is_linear=0
shrinkage=0.05


Tree=14
num_leaves=128
num_cat=0
split_feature=22 10 17 6 1 9 6 7 1 4 10 4 3 7 6 3 17 16 19 0 1 11 2 4 3 6 2 9 6 4 0 7 9 4 2 14 4 1 0 6 3 10 2 7 1 1 14 6 10 13 4 2 0 11 3 15 2 18 2 18 19 19 2 19 18 4 1 4 14 2 5 16 4 9 10 0 4 4 3 16 0 13 9 2 10 0 1 9 9 18 18 4 7 19 13 0 1 4 6 18 19 4 1 0 14 4 4 3 18 18 19 18 0 4 18 4 1 1 0 0 4 18 3 18 17 19 19
split_gain=132247 276.174 282.556 179.276 129.904 110.862 89.4449 71.4369 63.1591 44.3545 43.4699 37.6939 31.196 28.9969 24.9215 24.3879 56.8145 81.7577 55.2158 53.809 64.9549 105.882 56.7787 34.65 24.297 23.777 65.6405 21.9924 21.8796 90.93 68.4371 20.7984 31.8726 30.2706 51.1105 26.7097 19.9234 47.1276 18.3901 28.1678 42.3882 98.8387 17.3721 17.0431 49.1089 21.8493 63.0893 16.9374 16.9942 26.283 65.6589 16.5719 50.4505 15.8106 27.1371 40.11 59.0908 14.9168 25.0738 16.7155 21.4806 23.2139 61.6413 15.6527 29.5334 73.007 16.4138 17.6949 14.8882 33.317 51.419 67.407 14.0676 15.4956 14.0588 16.0306 27.6054 85.4496 13.6025 13.0251 38.4577 12.8665 45.5751 12.6861 19.3501 12.6844 44.965 69.5689 12.6673 25.7786 60.0391 75.811 14.2509 30.394 60.7736 12.3312 41.6616 53.5237 12.2272 12.1082 15.5686 11.8466 14.377 16.7657 35.0868 11.5644 11.3073 11.2144 10.7368 485.766 405.225 24.5196 36.0176 27.2892 20.6823 11.5449 36.5336 15.6399 25.6211 57.5965 11.1133 11.2747 12.4207 18.8365 28.3736 52.7948 11.0367
threshold=10.500000000000002 0.39499999582767492 59.000000000000007 3.5000000000000004 2.117991425620858e-05 0.095000002533197417 1.0000000180025095e-35 1.0000000180025095e-35 0.027578556910157207 210.54999542236331 0.090454548597335829 111.3050003051758 34.340000152587898 1.5000000000000002 1.0000000180025095e-35 10.660000324249269 60.500000000000007 1334.5000000000002 84.31000137329103 153.33653259277347 0.00067295553162693988 0.095000002533197417 328206.10937500006 59.524999618530281 51.359998703002937 1.5000000000000002 2020.9436035156252 0.095000002533197417 2.5000000000000004 81.974998474121108 1399.514831542969 1.0000000180025095e-35 0.49500000476837164 70.764999389648452 8767.9448242187518 0.19500000029802325 125.11000061035158 0.0041211855132132777 75.307971954345717 1.5000000000000002 26.439999580383304 0.59499999880790722 3.2513130903244023 1.0000000180025095e-35 0.012030446436256172 0.027578556910157207 0.2950000017881394 2.5000000000000004 0.69499999284744274 0.89499998092651378 55.540000915527351 13830.055664062502 404.31729125976568 0.27500000596046453 11.219999790191652 0.19500000029802325 625.02847290039074 411.50000000000006 4637.9570312500009 110.50000000000001 68.314998626708999 73.325000762939467 42.29893875122071 115.53000259399415 312.50000000000006 116.32500076293947 0.015194046311080458 58.350000381469734 0.19500000029802325 4339.3264160156259 6.5000000000000009 801.50000000000011 161.20500183105472 0.095000002533197417 0.59499999880790722 39.979852676391609 133.65000152587893 157.34999847412112 6.5799999237060556 6745.5000000000009 1989.8966064453127 0.69499999284744274 0.78875002264976513 12553.139648437502 0.2950000017881394 57.849126815795906 0.019557798281311992 0.095000002533197417 0.30500000715255743 235.50000000000003 206.50000000000003 56.694999694824226 1.5000000000000002 96.029998779296889 0.99500000476837169 541.83990478515636 0.0012817049282602968 181.25000000000003 1.0000000180025095e-35 342.50000000000006 115.53000259399415 64.594997406005874 0.0075288056395947942 39.979852676391609 0.49500000476837164 234.90000152587893 80.555000305175795 17.640000343322757 1512.5000000000002 1494.5000000000002 324.27000427246099 1501.0000000000002 697.86837768554699 135.34999847412112 1485.0000000000002 157.34999847412112 0.0028886605286970739 0.00020244002371327954 175604.17187500003 10288.099609375002 126.54999923706056 1467.5000000000002 22.340000152587894 943.00000000000011 62.500000000000007 220.84999847412112 1081.6499633789065
decision_type=2 2 2 2 2 2 2 2 2 2 2 2 2 2 2 2 2 2 2 2 2 2 2 2 2 2 2 2 2 2 2 2 2 2 2 2 2 2 2 2 2 2 2 2 2 2 2 2 2 2 2 2 2 2 2 2 2 2 2 2 2 2 2 2 2 2 2 2 2 2 2 2 2 2 2 2 2 2 2 2 2 2 2 2 2 2 2 2 2 2 2 2 2 2 2 2 2 2 2 2 2 2 2 2 2 2 2 2 2 2 2 2 2 2 2 2 2 2 2 2 2 2 2 2 2 2 2
left_child=1 2 -1 6 9 -5 8 12 15 24 25 -7 14 38 105 16 78 18 -18 -19 23 22 -22 -21 42 -8 -27 107 53 -30 -31 -17 95 34 -34 -35 37 -37 39 -9 41 -41 -3 44 -28 81 -47 74 49 -49 -51 -45 -53 54 55 56 -12 58 59 60 101 62 -62 64 65 -60 -66 -68 -29 70 71 -70 88 -74 75 76 -16 -78 -4 80 -25 -46 -83 99 -85 86 -42 -88 92 90 106 -92 -56 94 -94 -33 97 -97 -69 100 -71 102 -15 -104 -105 108 -90 -10 109 114 111 112 113 -111 115 116 117 118 119 -6 121 122 -119 -124 -125 -126 -116
right_child=-2 4 3 5 7 11 10 13 27 -11 28 -13 -14 57 47 31 17 19 -20 20 21 -23 -24 79 -26 26 43 68 29 30 -32 32 33 35 -36 36 -38 -39 -40 40 85 -43 -44 51 45 46 -48 48 -50 50 -52 52 -54 -55 72 -57 -58 -59 63 -61 61 -63 -64 -65 66 -67 67 98 69 83 -72 -73 73 -75 -76 -77 77 -79 -80 -81 -82 82 -84 84 -86 -87 87 -89 89 -91 91 -93 93 -95 -96 96 -98 -99 -100 -101 -102 -103 103 104 -106 -107 -108 -109 -110 110 -112 -113 -114 -115 126 -117 -118 120 -120 -121 -122 -123 123 124 125 -127 -128
leaf_value=0.050603138983665176 0.050589767401407915 -0.066767540724287353 -0.071963307087759165 0.051147250378312449 -0.059832687719449808 0.054726441600363565 -0.07438271029895703 -0.081927987346405357 -0.076524873302151686 -0.086125751160506414 -0.076263430313927183 -0.088109170232040471 -0.074280649311635624 -0.081013461861149424 -0.076728634325105738 -0.084100247002164993 -0.067461256455319793 -0.086565099935285619 0.071822188619323893 0.055783872596907549 0.065360445114566318 -0.075377674998829566 -0.05639239218965806 -0.090838577226095715 -0.043609301132918159 0.057512282341608024 0.066269476089519261 -0.080485625073337466 -0.077530079316030495 0.070186494514052164 -0.087808945296626625 -0.081685903927810111 -0.086840366528882815 -0.080541124233850958 0.064450855876058144 -0.072980555257757027 -0.084722783778131194 0.068958091715378117 -0.084433835454956654 0.095353089888758236 -0.08964212085485318 -0.078222273244770546 -0.080561127794683218 -0.088031016134058448 -0.076016307061659155 -0.073115740482017369 0.06714928857382961 -0.068895759283844268 -0.083443575075711374 -0.096953772621554801 0.078182580718389294 0.065515154019893468 -0.076242242240755279 -0.083698956236502808 -0.080760024495540012 -0.080021094562573447 0.081419691245351311 -0.082920439758091713 0.091531582528103062 -0.081276193342241301 -0.090048798459861051 -0.06607231919789873 0.075546526568414027 -0.076262256282388696 -0.077464342331057701 -0.066634381209589796 -0.010753671767356155 -0.033924471306105104 -0.060315424474141233 -0.07731682731598466 -0.068228177064300635 0.095657434202396807 -0.071057919813964462 -0.016252756335684685 -0.084883672722046222 -0.082909035623892249 0.082093343916380374 -0.086443917037010071 -0.082709929291181469 -0.077662781179286836 0.060767931440857625 0.064736096491936679 -0.0975986082954097 -0.0067455646658270071 -0.075401888879439508 -0.079917764450219225 -0.089443390053146388 0.088184396967149831 -0.052273086957624865 -0.077698311772604542 -0.08623335311429102 0.087895344608911685 0.084064269335943548 -0.075204423377147764 -0.087911516581381077 0.068821773731415001 -0.082861972135347683 -0.087417659505127518 -0.06948738220864463 -0.084153879210933424 -0.031308015443742808 -0.083221895308988325 -0.084239406576830531 0.072025764436741233 -0.058878736205356469 -0.08097387378102823 -0.087496616937661489 -0.082133952584715689 -0.08591395787230563 0.052569626215437676 0.053043834220998558 -0.088158162227758019 0.067373869288597829 -0.075222355784756653 -0.082130810556181044 -0.086036872261984434 -0.085288316331814842 -0.084718004563913818 -0.0802199874536485 0.07873087298423187 -0.084803780181296987 -0.09132640091477276 -0.074217824204338548 -0.080019639450793711 -0.067398423317091546 0.096340374064692202 -0.069910664181198956
leaf_weight=40.262407228350639 18907.146780490875 1079.4191807890311 314.36175356805325 40.531922002322972 37.870501585304737 5.3838255191221824 1952.5068523194641 5431.1293322276324 2728.5613653436303 437.50302042067051 11.564258202910425 32.509378889575601 620.93428733944893 33.305617645382881 439.16059449408203 42685.16997968033 11.966564588248731 264.00442844256759 17.552332234568894 5.2754994640126815 34.231345479376614 45.553680561482906 13.294563031755386 10.942587375640871 95.576249219477177 11.519587436690925 8.1771490992978197 131.98620504140854 172.27729509677738 20.05099531263113 10.413640314713122 4068.1138628367335 10.26986785233021 98.667870193719864 12.230725558474658 11.907797984778883 11.054869398474692 11.491936992853878 17599.687028539367 13.019086037762461 32.384251177310944 22.163453504443169 289.47954186052084 98.9606664031744 105.15603099949658 23.292726000770926 12.223838817328213 130.36678684130311 171.2315050624311 10.670376878231766 10.736097052693365 7.6560540832579127 34.830781413242221 2389.502368055284 8429.9678862625733 33.762514255940914 12.219422521069644 2051.9505862565711 10.561292693018911 2292.3551696306095 10.536415353417398 36.961302060633898 12.043043904006479 409.14132262207568 168.02842933684587 23.597163558006287 19.772345289587975 31.338374813087285 13.003944873809816 45.342229247093201 35.112648352980614 14.823068633675573 47.942277926951647 17.644182549789548 18817.497754652984 6673.1175105338916 11.331158891320227 22.364312324672937 4649.2365568988025 195.12640435248613 6.771551836282014 7.4052784629166135 10.389581680297852 19.049433797597885 22.249472126364708 166.78523291647434 10.604846164584162 11.478993915021418 39.566641315817833 2941.2741492893547 10.868532419204714 14.711862163618205 9.5940646529197693 91.053247809410095 11.05825100466609 11.876139694824815 64.724045850336552 10.18050479888916 105.66085743904114 119.610680796206 30.928969278931618 152.29792768880725 11.13431356847286 8.2960478961467743 13.366068571805954 1325.507180377841 53.715868324041367 1323.280550763011 167020.04574452341 4.7020917916670433 115.17331493459642 93.450239062309265 6.2813430530950418 37.449278286658227 2760.6451675230637 59080.223037914373 55333.967566285282 278.53706914745271 68.79695700109005 9.3514978438615781 684.76674464531243 123.68176417797804 877.07419217843562 21.192123654298484 11.464730098843576 8.6277628988027555 198.02061395067722
leaf_count=3428 1640960 1075 225 3262 33 237 1428 1324 1155 48 6 53 490 12 275 9249 15 77 429 254 847 61 43 26 341 473 126 47 139 215 11 1217 2 47 133 9 4 102 3114 56 8 9 167 54 114 17 106 104 63 6 82 60 35 612 3164 17 67 523 44 798 2 31 58 201 73 14 43 51 12 20 20 61 52 39 3195 1526 54 10 1207 404 145 83 1 40 9 64 2 49 39 1278 3 66 43 50 6 130 27 1 62 36 44 54 4 41 13 880 15 368 19345 128 2911 13 93 47 679 6529 8065 124 43 66 131 18 450 11 6 35 130
internal_value=-0.0787622 -0.0845944 -0.0818169 -0.0818892 -0.0851872 -0.00633267 -0.0819697 -0.0852593 -0.0829094 -0.0721561 -0.0787381 -0.0678152 -0.0854768 -0.0828701 -0.0854989 -0.0833953 -0.0802665 -0.0657968 0.0153585 -0.0699616 -0.055876 -0.0209076 0.0313022 -0.0707985 -0.0679827 -0.0723133 -0.0596712 -0.0772132 -0.0797578 -0.063449 0.0161794 -0.083766 -0.080456 -0.0582404 -0.00460247 -0.0673064 -0.0294061 -0.0032725 -0.0836351 -0.0811634 -0.06497 -0.0139918 -0.0696845 -0.0640527 -0.0532183 -0.059384 -0.0248403 -0.0840251 -0.0726461 -0.0604644 -0.00911675 -0.0768172 -0.0506978 -0.079992 -0.0792366 -0.0449855 0.00474996 -0.0795655 -0.0775034 -0.0798722 -0.0682923 -0.0416706 -0.00172641 -0.0695766 -0.0619564 -0.0177318 -0.0666074 -0.0549708 -0.0664904 -0.0603357 -0.0279962 0.0227692 -0.0794055 -0.0563141 -0.0841667 -0.0822786 -0.0733822 -0.029768 -0.0820293 -0.073936 -0.0328842 -0.0693626 -0.0300435 -0.0689175 -0.0437336 -0.0730762 -0.052127 0.00288604 -0.079536 -0.0767758 -0.0539475 0.013912 -0.0805249 -0.0627832 -0.0080199 -0.0812881 -0.0626381 -0.00329238 -0.0613524 -0.0742271 -0.0586597 -0.07555 -0.0578741 -0.0343756 -0.00874559 -0.0856334 -0.0725562 -0.0783567 -0.0856549 -0.0852936 -0.0166337 -0.0731944 -0.0443221 -0.0609668 -0.0854413 -0.0855461 -0.0850414 -0.0786021 -0.0607533 -0.0323926 -0.0796348 -0.0769545 -0.0754693 -0.0726642 -0.0396586 0.00291139 -0.0813129
internal_weight=438247 419340 73755.9 73715.7 345584 78.4251 73637.3 343682 57048 1901.98 16589.3 37.8932 315004 28677.6 314383 52564 5568.32 604.719 29.5189 575.2 311.196 93.0796 47.5259 218.116 1464.47 2272.12 319.612 4483.95 14317.2 202.742 30.4646 46995.7 4310.52 155.623 22.5006 133.122 34.4546 23.3997 23287.3 5687.57 256.436 35.1825 1368.9 308.092 166.645 158.467 35.5166 26286.5 323.005 151.773 21.4065 141.448 42.4868 14114.4 11724.9 57.5462 23.7837 5390.35 3338.4 2570.3 277.941 59.5408 22.5795 768.1 358.958 34.1585 324.8 156.772 432.107 300.12 62.9397 27.827 11667.4 65.5865 25963.5 7145.97 472.856 33.6955 4963.6 212.841 17.7141 122.951 17.7949 237.181 41.2989 221.253 54.4681 22.0838 11601.8 3060.14 118.863 25.5804 8541.67 111.706 20.6523 4154.89 86.7807 22.0566 136.999 195.882 76.2712 218.4 66.102 32.7964 21.6621 288097 93.2825 4051.84 286771 119751 257.056 141.883 48.4327 42.1514 119494 116536 57455.3 2121.36 116.019 47.222 2005.34 1320.58 1196.9 918.359 41.2846 20.0925 2958.67
internal_count=1726548 85588 31765 28337 53823 3552 24785 52192 16466 1631 8319 290 45542 6650 45052 14654 3733 2301 444 1857 1780 951 890 829 1583 2497 1069 1812 5822 365 226 10921 1672 297 135 162 115 111 4626 1512 188 65 1242 596 447 321 123 5315 255 192 88 149 95 5457 4845 90 73 2024 1501 1013 215 91 60 488 287 58 229 156 289 242 93 73 4755 91 5060 1865 339 64 1432 575 171 198 84 149 49 123 59 51 4664 1401 123 69 3263 99 49 1375 158 131 113 100 64 124 70 58 54 39737 54 1523 38857 19512 3192 281 268 175 16320 15511 8982 917 142 99 775 644 626 502 52 41 809
is_linear=0
shrinkage=0.05


Tree=15
num_leaves=128
num_cat=0
split_feature=22 10 17 6 1 9 6 7 0 6 4 10 4 3 3 17 16 19 4 1 4 11 16 18 3 6 2 6 4 0 10 1 4 4 7 18 4 9 4 2 14 18 1 18 18 19 18 4 19 1 13 2 1 4 1 2 11 3 15 2 10 11 1 0 4 14 6 5 2 16 4 19 7 1 1 3 16 2 0 0 2 0 4 11 17 9 1 0 0 2 4 2 3 2 9 6 11 1 4 4 0 2 18 14 4 1 2 14 4 3 18 2 19 1 9 2 2 14 3 16 19 4 4 4 1 1 0
split_gain=120305 299.037 255.889 160.257 142.389 102.634 98.6902 76.8894 65.9014 50.6747 47.5246 43.4941 34.0377 29.8269 24.0845 73.5972 51.942 48.7478 35.6806 26.0002 56.5635 54.7294 45.3253 47.2191 23.6479 20.7157 59.5941 20.1403 81.4442 63.2907 17.6473 19.4537 30.3821 76.5639 17.6258 29.969 38.5247 28.5451 27.4391 47.1887 21.9868 17.05 41.4299 16.9388 521.694 396.333 24.7468 33.1458 24.0597 20.9007 33.6785 94.8485 18.2855 17.3993 43.7726 16.6484 15.604 24.5781 36.2385 54.1616 15.3276 21.8605 15.8509 16.3455 51.263 100.003 28.7933 23.1181 33.3931 58.4853 20.5345 53.47 15.1118 44.7762 19.2998 58.2943 15.0554 16.5676 25.6857 42.6384 14.5994 45.8355 13.6852 21.3051 32.1007 71.103 13.5166 32.1985 48.2632 13.139 13.0776 14.5149 31.3875 39.3783 12.4239 17.8578 61.0319 44.291 12.5092 35.3563 76.8254 12.37 28.7476 25.2759 46.0244 11.9249 59.0987 11.7929 11.7551 53.9419 11.3849 46.1782 105.715 15.6019 20.5724 21.5355 16.9522 27.0554 27.8353 59.4652 27.1848 56.0346 11.331 11.1547 34.0095 31.898 27.3776
threshold=10.500000000000002 0.39499999582767492 59.000000000000007 3.5000000000000004 2.117991425620858e-05 0.095000002533197417 1.0000000180025095e-35 1.5000000000000002 57.849126815795906 1.0000000180025095e-35 210.54999542236331 0.090454548597335829 111.3050003051758 33.420000076293952 11.019999980926515 62.500000000000007 1334.5000000000002 84.31000137329103 53.155000686645515 0.0096143959090113657 81.130001068115249 0.64499998092651378 2979.5000000000005 226.50000000000003 51.359998703002937 1.5000000000000002 2020.9436035156252 2.5000000000000004 81.974998474121108 1399.514831542969 0.59499999880790722 0.027578556910157207 133.65000152587893 157.34999847412112 1.0000000180025095e-35 63.000000000000007 57.334999084472663 0.49500000476837164 70.764999389648452 8767.9448242187518 0.19500000029802325 432.50000000000006 0.0041211855132132777 1512.5000000000002 1494.5000000000002 324.27000427246099 1501.0000000000002 135.34999847412112 289.55000305175787 0.0021094083786010747 0.79500001668930065 467847.10937500006 0.012030446436256172 138.34999847412112 0.0028886605286970739 3.2513130903244023 0.27500000596046453 11.219999790191652 0.19500000029802325 625.02847290039074 0.78999999165534984 0.095000002533197417 0.012030446436256172 75.307971954345717 102.24499893188478 0.19500000029802325 1.0000000180025095e-35 6.5000000000000009 13306.329589843752 980.50000000000011 53.155000686645515 96.029998779296889 1.0000000180025095e-35 0.012030446436256172 0.027578556910157207 22.340000152587894 7755.5000000000009 336907.70312500006 870.09457397460949 1044.3009033203127 13830.055664062502 404.31729125976568 152.65000152587893 0.095000002533197417 62.500000000000007 0.49500000476837164 0.00020244002371327954 175604.17187500003 10288.099609375002 240.26641082763675 63.194999694824226 2830.319946289063 24.420000076293949 1876.0283203125002 0.58499997854232799 1.5000000000000002 0.18500000238418582 0.019557798281311992 107.14999771118165 63.995000839233406 203.9387130737305 84555.488281250015 1474.5000000000002 0.19500000029802325 114.51499938964845 0.00067295553162693988 216862.00781250003 0.39499999582767492 74.825000762939467 16.839999198913578 1512.5000000000002 115705.83203125001 289.55000305175787 0.027578556910157207 0.095000002533197417 12553.139648437502 9802.2773437500018 0.19500000029802325 15.219999790191652 833.50000000000011 100.60499954223634 66.555000305175795 57.334999084472663 181.25000000000003 0.0010423242929391565 0.00011916994844796137 3691.3891601562505
decision_type=2 2 2 2 2 2 2 2 2 2 2 2 2 2 2 2 2 2 2 2 2 2 2 2 2 2 2 2 2 2 2 2 2 2 2 2 2 2 2 2 2 2 2 2 2 2 2 2 2 2 2 2 2 2 2 2 2 2 2 2 2 2 2 2 2 2 2 2 2 2 2 2 2 2 2 2 2 2 2 2 2 2 2 2 2 2 2 2 2 2 2 2 2 2 2 2 2 2 2 2 2 2 2 2 2 2 2 2 2 2 2 2 2 2 2 2 2 2 2 2 2 2 2 2 2 2 2
left_child=1 2 -1 6 10 -5 8 9 110 13 24 25 -7 43 15 107 17 -17 -18 20 22 -22 23 -20 55 -8 -27 56 -29 -30 31 -11 90 -34 35 36 -16 101 39 -39 -40 -42 -43 44 48 46 47 -46 53 50 51 -50 -49 54 86 -3 57 58 59 -13 61 62 122 67 65 -65 -67 68 69 70 -64 -72 73 -28 108 -76 -52 -78 -79 -80 -74 -82 94 84 85 -84 87 88 -6 -63 -33 92 93 -92 -59 96 98 -98 99 -96 -101 -36 103 -103 -105 -24 -107 -10 109 -75 111 113 -113 -4 -115 116 117 -116 119 -119 121 -120 -9 124 125 -15 -127
right_child=-2 4 3 5 7 12 11 60 14 30 -12 27 -14 123 34 16 18 -19 19 -21 21 -23 105 -25 -26 26 72 28 29 -31 -32 32 33 -35 37 -37 -38 38 40 -41 41 42 -44 -45 45 -47 -48 52 49 -51 76 -53 -54 -55 -56 -57 -58 82 -60 -61 -62 89 63 64 -66 66 -68 -69 -70 -71 71 -73 80 74 75 -77 77 78 79 -81 81 -83 83 -85 -86 -87 -88 -89 -90 -91 91 -93 -94 -95 95 -97 97 -99 -100 100 -102 102 -104 104 -106 106 -108 -109 -110 -111 -112 112 -114 114 115 -117 -118 118 120 -121 -122 -123 -124 -125 -126 126 -128
leaf_value=0.050573380420408647 0.050560676388771535 -0.063063739041628653 -0.077891121961627383 0.051101796268837076 -0.052779094084711368 0.054518902550860927 -0.070832937728694464 -0.048822035690697291 -0.065404962407866932 -0.079182007816729502 -0.083092216274700828 -0.07272575137982222 -0.083973967626840118 -0.066575198347054762 -0.084527661758748485 -0.067539280423913925 0.059018034947517464 0.068440411265124942 -0.072147338524163801 -0.083333712138589533 0.062014492853754738 -0.081513408158113934 -0.074765881180519786 0.068632520657990539 -0.040459333335007397 0.057276850936358426 0.06549076057014902 -0.073883032488543984 0.069041108537145554 -0.084309127027520928 -0.081199270347328531 -0.090296642119709003 0.080196385669223769 -0.07679393633798326 -0.07945748331852158 -0.08118937227822666 0.059342170509282359 -0.08362322381897451 -0.077100851570748807 0.0637321844177519 -0.081420896662391801 -0.069451018782687488 0.066359329384354418 -0.082847139854562338 0.052423328918240766 0.05275371778411956 -0.08473442086532347 -0.023043048525340136 0.086771036646047572 -0.079986386747302921 -0.078391803874469146 -0.086991051199330066 -0.090050177384279201 -0.082881296265490734 -0.081939411826926087 -0.076560928713781548 -0.080289148102319741 -0.076542098869163078 -0.076389892190633635 0.079263857282688047 -0.079140511524057794 -0.04460280546487784 -0.079236544067235334 0.085024173638704292 -0.078107130733841901 -0.0054805726927214813 -0.08207373248071681 -0.072234287932940344 -0.077959423110430137 0.081188525927648636 0.080235221489706299 -0.083380154715535101 -0.083691067772772271 -0.079974279527187275 0.06985889474483413 -0.068387957290133541 -0.071675479354581073 -0.064260787270576131 -0.055199440106858677 0.089321532602719883 0.064723556015823927 -0.072551318966426637 0.085084384279364905 -0.074596002547322945 -0.074376398119967893 -0.090288936312467954 -0.074793913848056115 -0.076332632158709585 0.078027009411099718 -0.079342070411866347 -0.050414289036360742 -0.072579224134469336 -0.074881200116859434 0.087414059232320734 -0.078349189414033085 -0.075652904596222995 0.082405895257221154 -0.048557874087488823 -0.085272352874586302 0.087734496163347137 -0.069442032822514085 -0.062031637812237507 -0.076601927974320902 0.069375356241791017 -0.070948849640247558 0.061195438382574255 -0.072898318606509693 -0.079580519317062032 -0.074787776848732765 0.071754169080068098 -0.083029345003595587 -0.073745313734291745 0.071994069477999925 -0.074551867980498454 -0.07905866868708894 -0.023372581519556328 -0.081669253897800664 -0.06934238895798546 -0.074700447584757662 0.094284006548488786 -0.064249468738484389 0.093822686977019495 -0.076252094126512335 -0.08033568567860927 -0.074592459278414028 -0.027367770752038195 0.074163363985135525
leaf_weight=38.320755083113909 17995.122158527374 1085.5025663431734 3636.3583562597632 38.588588271290064 26.549371371977031 5.1402569403871885 1947.9358850773424 39.649906784296036 151.68412042409182 9527.4256373783574 430.96472690999508 11.521431505680086 32.406956126913428 49.226544637233019 10.047557830810549 11.678336597979071 5.9637699406594029 15.129716583527623 11.202694581821563 125.57953412644565 18.446021837182343 10.378974810242655 205.32026530243456 12.718577533960341 97.806338399648666 11.001679835841058 7.8684889776632181 171.75387541111559 19.381454359740019 10.306270614266397 22366.217620141804 84.219274735078216 11.697660103440283 23.1091203475371 3493.5493220454082 38902.039790394716 8.6666281307116133 10.135068625211717 97.934807531535625 11.710889630019663 10.921161465346811 11.887707013636829 10.643043285235761 171128.27883044258 7.9862699285149565 124.84632599074394 92.390903383493423 19.008598137646914 12.65558874979615 4371.405283421278 372.90469244495034 20.697003844194114 21.924420576542616 71009.115832213312 51476.584091432393 289.37298362702131 2366.9854627624154 10931.542463745922 33.602779354900122 11.93148175254464 2469.6826002448797 27.816985070705414 22.494618132710457 17.414064578711987 76.098889395594597 19.651086211204529 32.668442294001579 552.09609756432474 44.65148298535496 11.379331029020248 9.0780407795682549 11.098056375980377 98.888211641460657 21.471586894243959 11.236764107830821 23.725209698081017 107.97525695711374 35.224453777074814 12.117371380329134 8.8173357974737865 7.3694718256592742 34.773711249232292 13.209444127976894 88.994254535995424 23.418727904558182 10.275613784790039 1515.3668257975951 68.687477845698595 9.6022646818310005 1264.5704671107233 13.791288599371912 328.74968279246241 34.666651159524918 8.3017695713788253 65.429507359862328 327.55441120732576 12.550346314907074 13.294477730989456 62.312295153737068 11.796285808086393 22.802924051880836 48.993445180356503 310.95787521451712 12.017488285899162 11.373698350042105 10.032203566282986 45.406084141694009 4480.2017779294401 93.092274195514619 8.0554074700921756 488.76750292629004 43.119908824563026 17.490017600357533 3731.2215136215091 97.939898133277893 32.175339482724667 117.65903391689062 12.024386197328569 11.250007420778276 10.316540881991385 107.51109026372433 8.7839902192354185 746.14947863202542 211.82133390754461 279.03809430915862 33.205001981928945 8.2989519797265512
leaf_count=3428 1640960 1075 999 3262 28 237 1428 40 122 2387 48 6 53 59 1 14 270 420 10 34 541 2 354 210 341 473 126 139 215 11 4209 17 56 15 944 7850 493 2 47 132 4 9 99 20269 218 3586 13 56 71 921 127 6 11 8304 8164 167 612 4289 17 67 718 34 10 77 25 41 11 309 20 51 43 4 54 11 97 26 85 23 10 43 60 35 96 40 13 1 684 43 65 347 29 209 24 41 25 151 54 13 11 49 13 54 151 101 10 307 96 1197 116 71 77 17 156 1465 32 52 32 8 5 42 70 37 294 76 146 104 69
internal_value=-0.0759966 -0.0815025 -0.0785974 -0.0786653 -0.0821247 -0.00616206 -0.0787411 -0.0822013 -0.079736 -0.0822967 -0.0684883 -0.0753368 -0.0650141 -0.0824989 -0.0804471 -0.0771999 -0.0583881 0.00920386 -0.0624596 -0.0641096 -0.056409 0.0103346 -0.0631671 0.00270318 -0.0642146 -0.0689027 -0.0570594 -0.0763626 -0.0606652 0.0158047 -0.0804177 -0.0786753 -0.0691074 -0.0240335 -0.080833 -0.0811589 -0.0179009 -0.0776853 -0.0565192 -0.0046309 -0.0651467 -0.0301495 -0.00529712 -0.0825208 -0.0820889 -0.0121591 -0.069509 -0.0407538 -0.0822331 -0.0788118 -0.0698099 -0.0210573 -0.0589332 -0.0823694 -0.0816847 -0.0659045 -0.0765883 -0.0758358 -0.0430997 0.00459774 -0.0762516 -0.0737698 -0.0698295 -0.0648594 -0.0497295 -0.0187615 -0.0533055 -0.0682498 -0.0459619 -0.0195283 -0.0463872 -0.00976299 -0.0611637 -0.050913 -0.0567254 -0.0239555 -0.0728377 -0.0602191 -0.0381923 0.00567029 -0.0731891 -0.0485464 -0.0759971 -0.0602236 -0.0329538 0.00835183 -0.0735927 -0.0562301 -0.0180356 -0.0785944 -0.0724473 -0.0685479 -0.0451987 0.0013766 -0.0761843 -0.0686008 -0.0563259 0.0150386 -0.0676872 -0.0567326 -0.0158541 -0.0785219 -0.0699958 -0.0416162 0.00114431 -0.0692098 -0.0486325 -0.0791163 -0.066069 -0.0385805 -0.075626 -0.0751636 -0.0316898 -0.075503 -0.0733997 -0.0625887 -0.0660411 -0.0586213 -0.045267 0.00621662 -0.0542849 -0.000810773 -0.074868 -0.0711867 -0.0659458 -0.0393532 -0.00706604
internal_weight=431623 413628 72957.8 72919.5 340670 76.1358 72843.3 338766 56369.2 333422 1903.65 16474.1 37.5472 301024 48054.6 5103.74 471.856 26.8081 445.048 439.084 313.505 28.825 284.68 23.9213 1472.68 2265.42 317.483 14208.7 201.442 29.6877 32398.2 10032 504.535 34.8068 42950.9 38920.8 18.7142 4030.12 153.233 21.846 131.387 33.4519 22.5308 300442 129314 266.157 141.31 48.9193 129048 4941.8 570.392 33.3526 40.933 124106 53096.8 1374.88 14007.2 11640.2 57.0557 23.4529 5344.5 2874.82 1582.43 796.63 145.832 69.7336 52.3195 650.798 98.7015 54.05 42.6707 20.1761 306.481 165.45 157.581 34.962 537.039 164.134 56.1592 20.9347 141.031 42.1432 11583.2 135.898 46.9038 23.4851 1620.21 104.839 36.1516 1292.39 469.729 385.509 56.7597 22.0931 11447.3 515.74 188.186 25.8448 162.341 100.029 34.5992 3876.89 383.343 72.3846 23.3912 260.759 55.4383 4631.89 122.619 29.527 8314.62 7825.85 60.6099 7765.24 4128.88 397.66 365.485 247.826 149.886 22.3409 127.545 20.034 785.799 581.59 369.769 90.7305 41.504
internal_count=1726548 85588 31765 28337 53823 3552 24785 52192 16466 50168 1631 8319 290 43181 13474 3577 2258 434 1824 1554 1520 543 977 220 1583 2497 1069 5822 365 226 6987 2778 391 71 9897 8344 494 1553 293 134 159 112 108 42727 22458 3884 298 285 18574 1286 365 77 67 17288 8984 1242 5457 4845 90 73 2024 1306 925 591 154 129 52 437 128 108 57 47 596 447 321 123 288 161 76 53 149 95 4755 150 110 97 820 136 93 381 320 303 94 70 4605 316 165 67 98 87 62 1260 316 165 111 757 403 1319 198 82 2992 2915 173 2742 1743 278 226 194 162 50 112 42 334 454 378 232 173
is_linear=0
shrinkage=0.05


Tree=16
num_leaves=128
num_cat=0
split_feature=22 10 17 1 6 6 9 7 0 4 10 3 7 4 6 3 17 18 4 0 4 11 16 18 3 7 18 0 6 3 10 6 4 0 6 18 7 18 4 9 4 2 14 6 2 10 13 4 9 14 5 18 2 2 4 1 11 3 15 2 1 4 4 19 17 19 10 4 18 4 19 19 10 1 4 4 3 1 1 4 19 3 4 11 17 9 9 18 18 4 7 19 13 0 1 4 4 0 4 1 10 4 4 10 1 4 16 16 2 1 2 18 18 18 18 18 19 18 0 4 1 4 4 10 0 1 0
split_gain=109875 322.038 232.682 154.851 143.969 107.96 95.2062 83.8488 67.16 50.5334 43.792 34.2822 33.5345 30.8585 30.6843 24.5515 68.0869 47.5547 35.3589 25.7878 59.2151 55.4211 36.1299 54.5185 23.02 20.3833 38.9146 19.8164 28.7144 38.9379 90.0384 18.6545 73.1797 58.6487 18.3374 19.4959 18.2405 26.851 35.7439 26.0332 24.6474 43.7348 19.8523 17.3333 51.9202 16.5791 24.3442 59.332 16.3317 63.3317 18.3642 16.0782 23.7319 16.0635 15.5931 38.5562 15.5069 22.3428 32.8432 49.7544 15.4313 16.9251 17.0566 26.3313 45.1584 17.4087 32.4895 65.4914 15.4046 20.1119 19.1225 43.7934 14.9369 18.008 25.0476 68.0107 14.5979 45.1788 14.4818 36.493 13.5467 53.7239 12.531 19.3543 28.9624 65.3456 12.5355 24.2692 55.0071 68.8873 13.5807 27.8306 54.9179 12.4871 38.3784 48.9182 12.2668 12.2595 12.1935 113.672 92.2377 89.2917 102.894 34.6609 33.537 30.044 103.839 18.4706 41.9799 15.895 20.1114 52.1785 12.6125 22.8379 12.3681 322.865 316.512 20.8339 31.2719 16.4843 46.2978 22.3022 21.5724 24.1424 68.726 12.3587 48.6551
threshold=10.500000000000002 0.39499999582767492 59.000000000000007 2.117991425620858e-05 3.5000000000000004 1.0000000180025095e-35 0.095000002533197417 1.0000000180025095e-35 57.849126815795906 210.54999542236331 0.090454548597335829 34.340000152587898 1.5000000000000002 111.3050003051758 1.0000000180025095e-35 11.019999980926515 62.500000000000007 155.50000000000003 53.155000686645515 118.69642639160158 81.130001068115249 0.64499998092651378 2979.5000000000005 226.50000000000003 51.359998703002937 1.5000000000000002 401.50000000000006 75.307971954345717 1.5000000000000002 26.439999580383304 0.59499999880790722 2.5000000000000004 81.974998474121108 1399.514831542969 2.5000000000000004 70.500000000000014 1.0000000180025095e-35 63.000000000000007 57.334999084472663 0.49500000476837164 70.764999389648452 8767.9448242187518 0.19500000029802325 1.5000000000000002 2020.9436035156252 0.69499999284744274 0.89499998092651378 55.540000915527351 0.38499999046325689 0.39499999582767492 6.5000000000000009 411.50000000000006 4637.9570312500009 3.2513130903244023 125.11000061035158 0.0041211855132132777 0.27500000596046453 11.219999790191652 0.19500000029802325 625.02847290039074 0.012030446436256172 57.334999084472663 88.440002441406264 123.08499908447267 62.500000000000007 115.53000259399415 0.59499999880790722 129.84999847412112 110.50000000000001 114.14999771118165 69.555000305175795 73.325000762939467 0.59499999880790722 0.027578556910157207 133.65000152587893 157.34999847412112 23.500000000000004 0.015194046311080458 0.019557798281311992 140.63999938964847 117.81000137329103 19.180000305175785 152.65000152587893 0.095000002533197417 62.500000000000007 0.49500000476837164 0.30500000715255743 235.50000000000003 206.50000000000003 56.694999694824226 1.5000000000000002 96.029998779296889 0.99500000476837169 541.83990478515636 0.0012817049282602968 181.25000000000003 234.90000152587893 870.09457397460949 62.405000686645515 0.00059536099433898937 0.99500000476837169 55.540000915527351 60.145000457763679 0.99500000476837169 0.0021094083786010747 62.085000991821296 17401.000000000004 15611.500000000002 1375952.7500000002 0.0012817049282602968 926925.62500000012 2958.0000000000005 2874.0000000000005 1485.0000000000002 1512.5000000000002 1494.5000000000002 324.27000427246099 1501.0000000000002 697.86837768554699 157.34999847412112 0.0028886605286970739 125.11000061035158 116.32500076293947 0.89499998092651378 404.31729125976568 0.012030446436256172 541.83990478515636
decision_type=2 2 2 2 2 2 2 2 2 2 2 2 2 2 2 2 2 2 2 2 2 2 2 2 2 2 2 2 2 2 2 2 2 2 2 2 2 2 2 2 2 2 2 2 2 2 2 2 2 2 2 2 2 2 2 2 2 2 2 2 2 2 2 2 2 2 2 2 2 2 2 2 2 2 2 2 2 2 2 2 2 2 2 2 2 2 2 2 2 2 2 2 2 2 2 2 2 2 2 2 2 2 2 2 2 2 2 2 2 2 2 2 2 2 2 2 2 2 2 2 2 2 2 2 2 2 2
left_child=1 2 -1 9 5 8 -6 11 -4 24 25 14 27 -8 96 16 -10 -18 -19 -20 22 -22 23 -21 53 43 97 28 -9 30 -30 56 -33 -34 35 -16 37 38 -17 93 41 -41 -42 -7 -45 46 -36 -48 49 -46 80 52 68 -3 55 -44 57 58 59 -12 -54 76 -63 65 -65 66 -64 -68 69 70 -14 -72 73 -37 -75 -76 -62 -78 -51 -80 -50 -82 86 84 85 -84 90 88 -88 -90 -59 92 -92 -38 95 -95 98 -27 99 100 -5 -102 -103 -101 105 106 109 108 -104 110 112 -112 113 -105 115 119 117 118 125 120 121 122 -100 -124 -125 126 -117
right_child=-2 3 4 7 6 10 13 12 15 -11 31 -13 51 -15 34 36 17 18 19 20 21 -23 -24 -25 -26 26 -28 -29 29 -31 -32 32 33 -35 45 72 39 -39 -40 40 42 -43 54 44 48 -47 47 -49 50 78 -52 -53 60 -55 -56 -57 -58 82 -60 -61 61 62 63 64 -66 -67 67 -69 -70 -71 71 -73 -74 74 75 -77 77 -79 79 -81 81 -83 83 -85 -86 -87 87 -89 89 -91 91 -93 -94 94 -96 -97 -98 -99 114 103 101 102 107 104 -106 -107 -108 -109 -110 -111 111 -113 -114 -115 -116 116 -118 -119 -120 -121 -122 -123 123 124 -126 -127 -128
leaf_value=0.050545106664131589 0.050533030118885408 -0.059707385145970265 -0.072727366362621781 -0.073559391645798305 0.051058016131367838 -0.068151849794186356 0.054319519585639103 -0.075884461873868242 -0.076181659640129407 -0.080400139251436506 -0.069528817111755403 -0.067906430103642321 -0.060537945853903402 -0.080278863351738478 0.10228372847062504 -0.081729072066395791 0.066374365838566859 0.059063479987713101 -0.079196502768680579 -0.058118734509282649 0.063219334754258297 -0.080211261858599045 -0.065892589628621018 0.067221321459137326 -0.03762475573304714 -0.029189584077515054 0.06728375024362257 -0.078538875286326942 0.094684660908574178 -0.066465914737470752 -0.07169735496630561 -0.070585978830464302 0.06796968278073616 -0.081192974268612328 -0.062289403141434822 -0.076930066558466736 -0.076029943045743911 -0.078381000239916732 0.059209653524375905 -0.08076402635236056 -0.073999479111948679 0.063000338848390014 -0.066245701336370172 0.057322549206510864 0.064990440327616777 -0.076962344800633797 -0.088321714541102075 0.078225019684284441 -0.061266081467798543 -0.070590992007118769 -0.080908511924842566 -0.076803058808504771 -0.073255786928874536 -0.072978015959045489 -0.077972437819577411 0.0663956163830976 -0.077242469332794467 -0.074345537156630656 -0.07312341215304323 0.077294716816146636 -0.069021640013561397 -0.066720995801913263 -0.074686411206145456 -0.054373386906583936 0.092510865775097789 -0.071355587868848533 0.094249787300320922 -0.076253364026672613 -0.074808734926619755 -0.081087859531006792 0.073716200214745883 -0.052743240038991696 -0.078999238379805325 -0.069892122663344561 0.077448579565781384 -0.074110070214695581 -0.063606307331714448 0.082927751879524281 0.069815445435407644 -0.077319352178405409 -0.088977135337582891 0.066415029343255674 0.082688597051274682 -0.07151878539142717 -0.070903986120985335 -0.086810670097773199 -0.066031713152268259 -0.071251422949601628 -0.079277584313351468 0.087508015702024308 0.084112712667531786 -0.068683730100979945 -0.080066552460666088 0.068893813608117346 -0.076323774648048737 -0.081666762626846148 -0.075030840554312347 -0.096752399006658524 -0.069383779657713626 -0.079895174443917527 -0.073330857862042659 0.062863723225409715 -0.049891227764519069 -0.057040318297424841 -0.075747456290022608 -0.077034313986892644 0.074565783536299765 -0.076581547669614058 0.074960552085046969 -0.068931518869186817 -0.070154099938326026 0.08575691085393651 -0.074768854270216345 0.072234305798403953 -0.08029921657394351 0.072609109299134125 0.052639963193682228 -0.081706084406576993 0.067483885200787672 -0.080311342810822861 -0.079399886160334832 -0.078756542508431435 -0.068796595427035742 -0.082279294449776941 0.10786062272319707 -0.08104637898336782 -0.090504949811866575
leaf_weight=36.4717060290277 17126.617884635925 1089.0921617951244 8216.171568762511 187.91963833477348 36.737283086404204 1919.4985112976283 4.9070586450397959 5286.1292092185467 4571.3176604770124 423.31732277572155 11.450358033180239 612.69315168075264 145.27765997219831 32.208435855805874 1.4955477323383082 9.8763227462768572 7.790081735700368 6.3389225555583826 124.74453826248646 24.440173649229109 19.808896533213556 10.204299613833429 259.58425627369434 13.450198045000432 99.860826596617699 16.49131378531456 8.1933981347829086 17083.260611473583 12.990411916747687 217.98010711371899 21.737644076347351 170.81045311503112 18.719423235394061 10.170128472149374 128.73145746253431 6533.9362500812858 3741.4631357025355 38296.299327733926 8.2619453659281117 9.9732346981763857 96.961582690477371 11.265862946398554 11.840863510966303 9.9119292711839062 12.146715538576244 167.51568008307368 10.649032989516856 10.741672945208846 72.029368221759796 56.253971951082349 107.92643708083779 2002.8224488412961 258.88604972790927 288.42230235040188 10.905742585659025 10.196567010134457 2338.0507962703705 8211.7667230386287 33.354727808386087 11.631289230659602 11.456017941236494 331.99415640253574 21.676755511201918 12.995512160472572 8.7599892318248749 67.389896512031555 11.541464164853096 10.999391630291939 2251.2539330692962 93.423108789138496 9.2841811776161176 26.070475839078426 18269.630520664155 396.17738007660955 10.9438806977123 22.872180949896574 11.940377712249758 9.4020712971687299 7.013712666928769 10.558196812868118 11.960801027715208 10.397460855543612 12.919902147725224 88.201877173036337 23.339151218533516 10.155903816223145 92.073559463024139 2895.4211825979874 10.71313212811947 14.666857076808808 9.4803655669093132 89.704749740660191 11.007500045001507 11.896033958531916 63.470967810600996 9.8719749450683594 1288.8441994125023 11.325106712058188 1402.1424805223942 14940.128887253813 53.713598082773387 44.825390691868961 25.384315174072981 12.342572033405306 1033.6713965861127 113.30394698865712 16.702735289931297 20.614252299070358 9.1631025522947294 99.541285050101578 11.544503748416901 10.027540951967239 31.036583289504051 4.7239957842975846 150240.02051927149 7.5243560299277314 90.179768810048699 91.057768195867538 5.8394028842449179 57571.1790643204 50726.478715592995 799.45974988583475 21.391066872514784 9.9429995203390735 9.1036498835310322 22.648757836781442 11.650758396834135
leaf_count=3428 1640960 1075 2992 94 3262 1360 237 1324 1319 48 6 490 118 53 10 1 286 291 37 95 555 2 760 232 341 46 77 3114 56 123 9 139 215 11 104 1526 1102 7850 493 2 47 132 9 458 186 63 6 82 90 52 58 523 98 167 4 99 612 3110 17 67 6 190 9 15 37 32 48 4 798 23 46 28 3188 269 54 13 8 41 57 7 15 80 96 40 13 1 54 1274 3 66 42 50 6 130 27 1 880 11 770 2088 29 662 88 10 303 32 80 5 67 83 6 44 9 61 17196 123 2380 13 91 6612 7731 173 13 2 46 29 17
internal_value=-0.0735262 -0.0787484 -0.0757141 -0.0794006 -0.0757781 -0.0758498 -0.00600349 -0.0794818 -0.0769002 -0.0651696 -0.0722742 -0.0797218 -0.0768585 -0.0624835 -0.0797456 -0.0776246 -0.074325 -0.0561261 -0.0582071 -0.0598509 -0.0524818 0.0144538 -0.0592352 -0.0136259 -0.0608055 -0.0658036 -0.0284873 -0.0776962 -0.0750973 -0.058632 -0.00946033 -0.0733111 -0.0581383 0.0154592 -0.0780872 -0.0782375 -0.0780176 -0.0783522 -0.0175318 -0.074795 -0.054442 -0.00450704 -0.0626063 -0.0664096 -0.0551945 -0.0661485 -0.0540818 -0.0046877 -0.0590631 -0.0408071 -0.0668209 -0.0732726 -0.0711184 -0.062486 -0.0290727 -0.00487348 -0.0735297 -0.0727765 -0.0413936 0.00445841 -0.0633534 -0.0582072 -0.060654 -0.0455507 0.00477048 -0.0553598 -0.0309813 0.0110484 -0.0734462 -0.0622536 -0.0525125 -0.0195348 -0.0782482 -0.0762778 -0.0663665 -0.0250612 -0.0234921 0.000946906 -0.0582142 -0.0185915 -0.0507127 -0.0167137 -0.072931 -0.0577657 -0.031631 0.00809019 -0.0731111 -0.0703476 -0.0480668 0.0171062 -0.0741116 -0.056675 -0.00409576 -0.0755988 -0.0566759 0.000613327 -0.0798975 -0.0566969 -0.0799201 -0.0786067 -0.0500628 -0.0213352 0.00659722 -0.0792059 -0.0714803 -0.0567392 -0.0443709 -0.039126 -0.0167765 -0.0561107 -0.0377943 0.00231951 -0.0557834 -0.0212573 -0.0800037 -0.0796028 -0.020282 -0.0676871 -0.0409046 -0.0797257 -0.0790891 -0.0720578 -0.0683454 -0.0323413 0.00860111 -0.0560377 -0.0264986
internal_weight=423986 406859 71973.8 334885 71937.3 71863.5 73.8528 332985 55546.1 1900.69 16317.3 305077 27907.3 37.1155 304465 47330 5037.68 466.361 458.571 452.232 327.488 30.0132 297.475 37.8904 1477.38 2253.71 36.0098 22622.1 5538.84 252.708 34.7281 14063.6 199.7 28.8896 25552.7 25235.1 42292.3 38314.4 18.1383 3977.85 151.144 21.2391 129.905 2217.7 298.199 317.638 150.122 21.3907 288.287 85.9726 202.314 5285.17 3282.35 1377.51 32.9432 22.0374 13863.9 11525.9 56.4364 23.0816 757.042 498.156 465.357 133.363 21.7555 111.608 44.2176 22.5409 2525.31 274.055 180.632 35.3547 25233.6 6963.93 429.993 33.8161 32.7985 21.3424 73.8259 17.5719 94.3876 22.3583 11469.5 134.617 46.415 23.0758 11334.8 3012.87 117.454 25.38 8321.96 110.193 20.4879 3826.7 85.239 21.768 278912 27.8164 277623 16614.6 341.62 153.701 99.9871 16273 1332.89 299.223 185.919 55.1617 34.5474 169.216 69.6752 21.572 48.1032 17.0666 261009 110769 228.901 138.721 47.6633 110540 52968.5 2242.04 1442.58 40.4377 19.0466 41.8239 19.1751
internal_count=1726548 85588 31765 53823 28337 24785 3552 52192 16466 1631 8319 45542 6650 290 45052 13474 3577 2258 1972 1681 1644 557 1087 327 1583 2497 134 4626 1512 188 65 5822 365 226 5315 5060 9897 8344 494 1553 293 134 159 2363 1003 255 192 88 545 302 243 2024 1501 1242 112 108 5457 4845 90 73 488 390 335 145 52 93 61 52 1013 215 192 74 5050 1862 336 67 55 49 116 64 185 95 4755 150 110 97 4605 1397 123 69 3208 98 48 1260 158 131 39737 57 38857 3661 945 851 822 2716 628 325 293 160 155 213 130 50 80 71 35196 18000 2653 273 260 15347 8735 1004 831 61 48 169 140
is_linear=0
shrinkage=0.05


Tree=17
num_leaves=128
num_cat=0
split_feature=22 10 17 1 6 18 7 1 4 10 3 7 6 3 17 16 19 0 1 11 2 4 17 7 9 5 2 6 2 3 7 9 0 6 3 10 6 19 1 6 18 0 7 18 2 10 13 4 10 1 4 4 11 3 15 2 3 18 4 19 19 1 19 3 14 18 5 4 3 13 15 1 3 0 8 7 9 2 10 0 2 2 6 18 0 14 2 5 16 10 2 18 18 18 18 19 18 18 0 16 1 1 2 4 1 4 18 17 2 0 0 1 9 3 18 18 16 4 17 2 4 17 11 1 1 0 9
split_gain=100692 346.699 212.299 167.307 131.129 201.871 89.3941 70.0996 53.3835 43.3027 36.2542 36.1671 33.9267 26.6492 45.674 64.8154 46.5863 44.6566 49.791 87.7924 47.0328 28.4426 23.2751 22.9475 24.231 23.9991 45.2839 21.7327 57.7909 32.617 59.5701 20.0501 19.9958 27.9675 35.3777 82.1933 19.5818 46.4496 19.1217 18.0853 17.9193 17.2997 49.0975 16.3274 22.1789 15.6208 21.9797 54.461 15.4538 19.0835 22.4787 62.2169 15.4433 20.3861 29.8454 45.7963 15.1644 14.5958 19.034 17.2669 40.1223 14.5792 15.9055 25.1197 50.5786 14.5216 14.4937 31.1146 45.6897 21.788 41.1333 16.637 54.3488 13.8168 37.1604 85.704 19.4569 16.9791 16.7679 14.2406 28.1663 63.9322 13.2095 92.2659 13.1562 13.0301 28.9595 44.9925 57.0575 12.8947 44.2089 26.7225 407.017 12.6931 425.821 342.362 25.5592 20.2163 28.6418 18.5479 17.4105 21.1512 68.964 15.1999 41.126 16.16 12.7729 15.1148 57.6957 86.8499 12.3021 41.6713 63.2761 12.2412 12.1438 44.8653 53.3612 12.1015 28.4078 57.7309 11.9999 23.7302 31.2389 11.9148 11.4307 44.3812 10.9988
threshold=10.500000000000002 0.39499999582767492 59.000000000000007 2.117991425620858e-05 1.0000000180025095e-35 73.500000000000014 1.0000000180025095e-35 0.027578556910157207 210.54999542236331 0.090454548597335829 34.340000152587898 1.5000000000000002 1.0000000180025095e-35 10.660000324249269 60.500000000000007 1334.5000000000002 84.31000137329103 153.33653259277347 0.00067295553162693988 0.095000002533197417 328206.10937500006 59.524999618530281 73.500000000000014 1.0000000180025095e-35 0.49500000476837164 9.5000000000000018 17772.153320312504 2.5000000000000004 1608.7916259765627 24.819999694824222 1.0000000180025095e-35 0.095000002533197417 75.307971954345717 1.5000000000000002 26.439999580383304 0.59499999880790722 1.5000000000000002 82.250000000000014 8.0907343544822669e-06 2.5000000000000004 70.500000000000014 75.307971954345717 1.5000000000000002 411.50000000000006 4637.9570312500009 0.69499999284744274 0.89499998092651378 55.540000915527351 0.59499999880790722 0.027578556910157207 133.65000152587893 157.34999847412112 0.27500000596046453 11.219999790191652 0.19500000029802325 625.02847290039074 6.5799999237060556 110.50000000000001 114.14999771118165 69.555000305175795 73.325000762939467 0.012030446436256172 115.53000259399415 24.420000076293949 0.39499999582767492 1512.5000000000002 6.5000000000000009 67.365001678466811 19.180000305175785 0.69499999284744274 0.095000002533197417 0.027578556910157207 22.340000152587894 57.849126815795906 1.0000000180025095e-35 1.0000000180025095e-35 0.58499997854232799 15157.383300781252 0.19500000029802325 288.16868591308599 14361.039062500002 3234901.8750000005 1.0000000180025095e-35 322.50000000000006 148707.86718750003 0.19500000029802325 4339.3264160156259 6.5000000000000009 801.50000000000011 0.19500000029802325 785580.71875000012 1474.5000000000002 1512.5000000000002 1512.5000000000002 1494.5000000000002 324.27000427246099 1485.0000000000002 1501.0000000000002 697.86837768554699 10941.000000000002 0.0028886605286970739 0.00043746591836679732 60419.384765625007 157.34999847412112 0.0028886605286970739 126.54999923706056 1467.5000000000002 62.500000000000007 84555.488281250015 541.83990478515636 57.849126815795906 0.019557798281311992 0.095000002533197417 17.640000343322757 1031.5000000000002 1474.5000000000002 2539.0000000000005 96.634998321533217 62.500000000000007 5606.8959960937509 152.65000152587893 62.500000000000007 0.095000002533197417 1.2865066310041586e-05 0.012030446436256172 541.83990478515636 0.095000002533197417
decision_type=2 2 2 2 2 2 2 2 2 2 2 2 2 2 2 2 2 2 2 2 2 2 2 2 2 2 2 2 2 2 2 2 2 2 2 2 2 2 2 2 2 2 2 2 2 2 2 2 2 2 2 2 2 2 2 2 2 2 2 2 2 2 2 2 2 2 2 2 2 2 2 2 2 2 2 2 2 2 2 2 2 2 2 2 2 2 2 2 2 2 2 2 2 2 2 2 2 2 2 2 2 2 2 2 2 2 2 2 2 2 2 2 2 2 2 2 2 2 2 2 2 2 2 2 2 2 2
left_child=1 2 -1 8 7 -6 10 13 22 36 12 32 93 14 56 16 -16 -17 21 20 -20 -19 38 89 114 26 41 52 -29 30 -30 113 33 -8 35 -35 -7 -38 84 40 -14 -26 -43 44 57 46 -41 -48 49 -42 126 -52 53 54 55 -11 -4 58 59 -13 -61 -46 63 64 -63 -40 69 68 -68 71 -71 -39 -73 74 76 -76 120 -78 79 -75 -81 -82 83 -65 -3 -33 87 88 -87 90 91 -15 -93 94 96 97 103 98 124 -98 101 -101 -103 104 105 106 107 -5 -109 -110 111 -36 -113 -9 -25 116 -116 -64 -119 -120 -55 122 -122 -24 125 -96 -51
right_child=-2 3 4 6 5 9 11 31 -10 27 -12 43 39 23 15 17 -18 18 19 -21 -22 -23 123 24 25 -27 -28 28 29 -31 -32 85 -34 34 110 -37 37 66 65 45 48 42 -44 -45 61 -47 47 -49 -50 50 51 -53 -54 73 -56 -57 -58 -59 -60 60 -62 62 117 82 -66 -67 67 -69 -70 70 -72 72 -74 78 75 -77 77 -79 -80 80 81 -83 -84 -85 -86 86 -88 -89 -90 -91 -92 92 -94 -95 95 -97 99 -99 -100 100 -102 102 -104 -105 -106 -107 -108 108 109 -111 -112 112 -114 -115 115 -117 -118 118 119 -121 121 -123 -124 -125 -126 -127 -128
leaf_value=0.050518242327443674 0.05050676755825028 -0.093507791818945571 -0.062398543264630069 -0.073217750991066283 0.053464200002260265 -0.064905324828022318 -0.073351132427988658 -0.067421214236287122 -0.077996856243964921 -0.066617973425523044 -0.065095501408697215 -0.057864293851439798 0.098528756683621321 -0.073086323785551355 -0.059807329936576836 -0.077514649427539828 0.071118892777833009 0.055295345757190376 0.06423096054972037 -0.06778431383398445 -0.048255279098902149 -0.065021674475980604 -0.040428431249454146 -0.073331032295638934 -0.075811781812092513 -0.075761173499193021 0.073477003464595972 0.067938876625774969 0.06361810972067912 -0.068892826490340203 -0.066243867230757467 -0.07119623611945862 -0.076051631589797955 0.090797866659540011 -0.079570640348539112 -0.069006397009862386 0.054700603528620717 -0.061138441425003569 0.0012956833719689794 -0.059682312432324136 -0.074386574462959404 0.070593223222527715 -0.054209280324020483 -0.074158436554846663 -0.070538627025820741 -0.074224096240690651 -0.084463887120777653 0.076485248563799818 -0.076497871049676841 -0.05376890103412927 0.075484747879889 -0.070853548617488479 -0.074500047674220901 -0.06881797020000395 -0.070161545881843285 0.075491257322482644 -0.073887582037771002 -0.071990803290921765 -0.078191261698492109 0.072130247059163655 -0.050255954569442367 0.090375135546628571 -0.070461123555718888 0.08332267591824255 -0.066231746393809576 -0.06771055130809403 -0.085042499514845701 -0.078265550865563971 0.066523570612036328 0.06460456385256301 -0.069738939057900393 0.069656432440455371 -0.065591586168509561 -0.068170439904687269 0.086272758005739525 -0.07649340922916549 -0.059538554649089949 -0.0028174610270581806 -0.072281585679884769 -0.061284243205913816 0.099182980190339692 -0.082987063528634858 -0.058066458550757018 -0.072802194673868392 -0.060727559899897227 -0.050931518668788568 -0.060186477803795983 -0.060014640231545763 0.093162298514397099 -0.076461625617084916 -0.076895991710347708 0.058051241097608987 -0.072516860001376013 -0.077774110791550916 0.071078620048307617 0.052571922951203234 -0.073625940716105204 -0.079008939214236296 0.066479843521451795 -0.062900951569661565 -0.071133147350544199 -0.058177017651904042 0.088411456774018266 -0.07792300734577301 -0.077023394202459475 -0.076218826493885838 -0.082358953778606733 -0.064230397366811909 -0.063941131943105176 0.093188638427252418 -0.070591136065127416 -0.079985059800423489 0.090365112614890053 -0.073381002221717367 -0.048910172364130255 -0.070829447963338954 0.071118156565035104 -0.067701215782739591 -0.077133060767220374 0.091787423735379001 0.07547001845987944 -0.071076073520290578 -0.050107379516541428 -0.077894931759940195 -0.077080582420776214 -0.084960389864087313 -0.072166567151226921
leaf_weight=34.710943531244993 16299.601368904114 31.437362387776375 306.93346411734819 405.52302314341068 33.463295151479542 1922.6643124930561 5197.4986014608294 2648.9347061403096 414.7586482167244 11.355506062507631 607.32740870304406 144.41236163489521 1.4754262510687102 7770.073413386941 11.727070109918715 254.47864546440542 16.152674841694534 5.0302825290709725 31.878909587860107 44.180710908025503 13.116012948565183 208.84578742459416 229.60964468866587 3634.1885250993073 31.380875192582607 61.961391802877188 8.6545735970139486 9.1196232745423895 14.043146912008522 189.45285230688751 23.792649166658521 127.96568323671818 16767.822679148056 12.872029460035263 31.732415705919266 21.462975680828094 9.9788717534393054 119.80278702732176 21.493104815483093 127.66396026406437 6422.299454764463 9.9793201889842731 37.469069896265864 1971.3279578313231 255.50067513436079 165.07231805752963 10.580281484872105 10.44426705688238 17932.179861056618 114.57624996360391 10.674005413427947 22.730686480179429 2303.7729525715113 2244.6098365299404 33.032695274800062 11.321559576317666 4469.1909467466176 2223.1125093726441 92.073579322546721 9.0205856189131719 25.994573600590229 9.5957082277163863 196.59358832240105 13.296662926673887 11.14230721257627 11.814830482006071 10.074281692504885 108.37851020973176 9.8181016743183118 11.840219491161406 10.98282387945801 11.032534910365937 22.734588101506233 2038.7764957128093 12.968206370249389 21.488590952008963 35.716922596096992 20.922155234962702 6788.3494150293991 92.998233301565051 9.3266194853931665 9.9589576721191406 164.63481396436691 32.823563620448112 1161.3110578190535 12.896815717220308 231.65041157603264 34.156972229480743 14.701517373323439 21591.749714436941 10348.925234779716 63.557592883706093 980.05048764869571 159245.11184314638 7.4291536109521994 112.91565636079758 2678.4795990223065 89.497139751911163 5.7005950445309272 46.64190623909235 102.74412287212908 25.701490670442581 11.665076921693979 56335.298500760458 52608.096442950889 664.02767101675272 119.50003494787961 824.7213787548244 21.586871266365051 14.839454337954519 162.39261540025473 10.305720850825312 11.57253637909889 1276.9230829328299 38.734963981434703 313.15036974102259 12.16868971288204 45.193530216813087 10.591687440872194 9.6814262270927411 7.84309093654156 34.192549288272858 13.436764210462568 23.380503013730049 22.615673815831542 11.786730095744133 279.1943299556151
leaf_count=3428 1640960 5 225 220 3085 1336 1324 1155 48 6 490 118 10 2972 15 77 429 254 847 61 43 575 543 1057 16 21 74 335 290 162 28 47 3114 56 8 9 551 178 48 104 1526 72 114 523 98 63 6 82 3188 118 54 13 612 1137 17 67 1207 798 23 46 28 42 84 59 7 7 1 74 94 182 18 100 18 1036 71 11 24 48 2177 93 48 1 115 13 962 12 149 20 61 3664 1612 696 305 19544 128 3500 691 13 93 34 31 28 53 6593 8065 142 18 464 10 63 64 2 49 368 69 156 93 26 3 41 40 17 14 18 30 17 151
internal_value=-0.0713051 -0.0762784 -0.0731061 -0.0769628 -0.0731667 -0.0692158 -0.0770488 -0.0743385 -0.0621443 -0.0694698 -0.0772993 -0.074317 -0.0773242 -0.0748653 -0.0715336 -0.058352 0.0160473 -0.0620724 -0.0491052 -0.0177186 0.0314412 -0.0621919 -0.0576989 -0.0752632 -0.07172 -0.0519528 -0.0350902 -0.0705071 -0.0554764 -0.0604283 -0.0180443 -0.0682472 -0.0751966 -0.0725649 -0.0562412 -0.00909654 -0.063013 -0.0514499 -0.0605481 -0.0755648 -0.0757158 -0.0470097 -0.0279609 -0.0705697 -0.0683887 -0.0636359 -0.0518809 -0.00450993 -0.0757262 -0.0737059 -0.0634727 -0.0240932 -0.0707666 -0.0700112 -0.0398391 0.00433028 -0.0731492 -0.0706542 -0.0597102 -0.0502267 -0.0187269 -0.0608435 -0.0558246 -0.0462745 0.00623198 -0.0231819 -0.0549267 -0.0677154 -0.0102354 -0.0456269 -4.37395e-05 -0.0524013 -0.0214028 -0.0701596 -0.0667836 -0.0152345 -0.0675373 -0.0385861 -0.0710626 -0.0672157 -0.0498803 0.00511145 -0.0514411 -0.0277907 -0.0615916 -0.0578825 -0.0520759 -0.0216523 0.0258267 -0.0756238 -0.0746797 -0.0720773 -0.064565 -0.0774857 -0.0770832 -0.0118926 -0.0772263 -0.065013 -0.0386603 -0.0725637 -0.0573285 -0.0404451 -0.0124151 -0.0773467 -0.0767526 -0.0698051 -0.0667327 -0.0652585 -0.0615105 7.08158e-05 -0.0637351 -0.0429675 0.0101219 -0.0693597 -0.0724589 -0.0637526 -0.020217 -0.0642608 -0.0456415 0.00353492 -0.0682502 -0.0452772 -0.00382347 -0.043891 -0.0529882 -0.0246333 -0.0668134
internal_weight=415525 399225 70842.8 328383 70808.1 16197.2 326489 54610.8 1893.81 16163.8 299058 27430.7 298451 50263.6 5361.53 585.41 27.8797 557.53 303.052 89.1756 44.9949 213.876 1479.05 44902 4147.69 149.445 87.4838 13926.5 236.408 227.289 37.8358 4347.23 22215.7 5447.84 250.338 34.335 2237.31 314.643 1226.06 25096.9 24783.1 78.8293 47.4484 5215 3243.67 313.761 148.689 21.0245 24781.7 6849.47 427.175 33.4047 13690.1 11386.3 55.7098 22.6771 4776.12 2494.61 271.501 179.428 35.0152 749.054 493.553 231.493 20.738 33.3079 304.664 128.271 19.8924 176.393 22.823 153.57 33.7671 11330.6 2391.18 34.4568 2356.72 56.6391 8939.41 2151.06 112.284 19.2856 210.755 46.1202 1192.75 421.371 293.406 61.7553 27.5983 40754.4 19162.6 8813.68 1043.61 273354 114109 249.945 113859 137.029 47.5322 2865.23 186.753 84.0085 37.3666 110994 54658.3 2050.2 1386.17 1266.67 861.148 36.4263 216.003 53.6107 21.8783 3925.86 3998.24 364.054 50.9037 262.06 65.4666 20.2731 2300.08 55.4724 21.2799 252.99 41.8316 19.2159 393.771
internal_count=1726548 85588 31765 53823 28337 11871 52192 16466 1631 8786 45542 6650 45052 14654 3733 2301 444 1857 1780 951 890 829 1583 10921 1672 297 276 6234 815 480 318 1812 4626 1512 188 65 2552 1216 1022 5315 5060 202 186 2024 1501 255 192 88 5050 1862 336 67 5419 4807 90 73 1432 1013 215 192 74 488 390 236 49 55 665 169 95 496 200 296 118 4717 1362 82 1280 72 3355 1178 142 49 187 72 967 289 242 93 73 9249 5585 3973 1001 39737 20193 3781 16412 281 268 837 146 115 81 15575 8982 917 775 757 537 73 123 59 51 1523 1375 318 162 154 70 44 1208 71 54 561 175 145 269
is_linear=0
shrinkage=0.05


Tree=18
num_leaves=128
num_cat=0
split_feature=22 10 17 1 6 18 7 0 6 4 10 3 3 17 18 4 14 6 18 0 9 1 4 17 18 18 19 4 1 18 4 6 2 3 7 1 4 11 1 2 11 7 18 4 9 5 2 7 5 1 0 0 1 0 7 18 2 6 19 4 1 9 6 11 16 9 14 5 11 19 4 3 3 4 4 2 3 19 2 10 1 18 4 19 19 1 4 4 19 2 19 10 4 19 1 1 14 3 18 4 18 3 1 3 10 2 16 16 4 1 1 1 10 2 18 18 19 4 1 17 1 3 0 1 4 5 2
split_gain=92555.3 370.092 194.317 179.727 140.088 184.208 95.128 73.3163 65.1445 56.0759 43.8757 34.6225 26.163 61.1987 40.6415 29.6604 28.8488 23.2648 29.5093 57.0509 94.3 52.197 70.5448 23.0173 20.4902 409.274 320.934 30.516 76.8262 20.9194 25.9585 20.3399 52.9652 29.4355 54.7384 19.7528 57.5518 47.0545 28.7058 52.7665 42.7746 19.7237 25.9417 33.0704 22.3805 21.1304 40.5824 19.4892 34.492 18.3008 29.2223 54.1453 17.3464 17.3165 44.9153 16.5673 20.7678 16.5221 39.788 16.5054 16.2864 16.6487 16.4097 57.3867 41.0328 16.0932 58.8919 16.5785 15.6462 63.4314 38.2127 18.0947 23.4501 39.7782 16.6063 25.0014 56.6757 19.0308 23.5712 38.9598 14.2929 13.9097 18.1337 15.6217 36.813 13.7848 15.6562 14.6423 22.9325 39.6233 14.694 28.754 57.0618 13.5885 14.8011 27.6552 92.0798 13.4995 16.3792 47.4323 13.2176 13.0686 41.112 12.9659 12.9108 12.8791 12.7049 22.393 21.5359 24.3697 61.9192 12.6109 12.5893 38.1119 25.564 371.396 12.3326 12.2039 34.4194 38.085 25.0994 24.9945 12.156 35.7688 44.9778 11.8516 34.8236
threshold=10.500000000000002 0.39499999582767492 59.000000000000007 2.117991425620858e-05 1.0000000180025095e-35 73.500000000000014 1.5000000000000002 57.849126815795906 1.0000000180025095e-35 210.54999542236331 0.090454548597335829 33.420000076293952 11.019999980926515 62.500000000000007 155.50000000000003 53.155000686645515 0.39499999582767492 1.5000000000000002 312.50000000000006 57.849126815795906 0.095000002533197417 0.019557798281311992 55.540000915527351 73.500000000000014 1512.5000000000002 1494.5000000000002 324.27000427246099 138.34999847412112 0.0028886605286970739 1501.0000000000002 135.34999847412112 2.5000000000000004 1608.7916259765627 24.819999694824222 1.0000000180025095e-35 0.0096143959090113657 81.130001068115249 0.64499998092651378 0.00067295553162693988 216862.00781250003 0.095000002533197417 1.0000000180025095e-35 63.000000000000007 57.334999084472663 0.49500000476837164 9.5000000000000018 17772.153320312504 1.5000000000000002 7.5000000000000009 0.00020244002371327954 175604.17187500003 10288.099609375002 8.0907343544822669e-06 75.307971954345717 1.5000000000000002 411.50000000000006 4637.9570312500009 1.5000000000000002 82.250000000000014 57.334999084472663 0.027578556910157207 0.58499997854232799 1.5000000000000002 0.18500000238418582 1077.5000000000002 0.38499999046325689 0.39499999582767492 6.5000000000000009 0.095000002533197417 96.029998779296889 104.81500244140626 20.779999732971195 19.180000305175785 102.24499893188478 83.134998321533217 5027.9067382812509 18.420000076293949 126.00500106811525 5179.7153320312509 0.19500000029802325 0.012030446436256172 110.50000000000001 114.14999771118165 69.555000305175795 73.325000762939467 0.012030446436256172 57.334999084472663 88.440002441406264 123.08499908447267 14361.039062500002 115.53000259399415 0.59499999880790722 129.84999847412112 113.12500000000001 0.012030446436256172 0.019557798281311992 0.2950000017881394 19.180000305175785 491.50000000000006 50.45000076293946 1512.5000000000002 23.500000000000004 0.015194046311080458 6.5799999237060556 0.2950000017881394 3.2513130903244023 4381.5000000000009 6548.5000000000009 157.34999847412112 0.0001138746738433838 0.00013195514475228268 0.0012817049282602968 0.19500000029802325 785580.71875000012 1474.5000000000002 1512.5000000000002 89.215000152587905 181.25000000000003 0.0010423242929391565 89.500000000000014 0.00011916994844796137 40.520000457763679 541.83990478515636 0.0012817049282602968 181.25000000000003 8.5000000000000018 14361.039062500002
decision_type=2 2 2 2 2 2 2 2 2 2 2 2 2 2 2 2 2 2 2 2 2 2 2 2 2 2 2 2 2 2 2 2 2 2 2 2 2 2 2 2 2 2 2 2 2 2 2 2 2 2 2 2 2 2 2 2 2 2 2 2 2 2 2 2 2 2 2 2 2 2 2 2 2 2 2 2 2 2 2 2 2 2 2 2 2 2 2 2 2 2 2 2 2 2 2 2 2 2 2 2 2 2 2 2 2 2 2 2 2 2 2 2 2 2 2 2 2 2 2 2 2 2 2 2 2 2 2
left_child=1 2 -1 9 7 -6 8 104 11 23 47 24 13 103 -15 -16 -17 -10 -19 20 -20 -22 -23 52 25 27 29 28 49 30 -27 60 -33 34 -34 36 38 -38 -18 40 -40 42 43 -14 122 46 53 57 111 50 51 -5 105 -46 -55 56 81 -7 -59 -51 61 -12 63 125 -65 66 -60 -67 69 70 -62 72 74 -74 -71 76 -76 -77 -79 -80 -32 82 83 -8 -85 -58 101 -88 90 -90 91 -89 -93 94 -21 96 -96 98 99 -68 -54 -87 -103 -9 -4 -3 -29 -108 -109 -110 -111 -49 113 114 -44 -116 -106 118 119 120 -13 -122 -43 124 -124 126 -63
right_child=-2 3 4 6 5 10 55 12 17 -11 31 117 41 14 15 16 35 18 19 93 21 22 -24 -25 -26 26 -28 106 -30 -31 80 32 33 -35 -36 -37 37 -39 39 -41 -42 44 112 -45 45 -47 -48 48 -50 59 -52 -53 100 54 -56 -57 85 58 65 -61 68 62 -64 64 -66 67 97 -69 -70 71 -72 -73 73 -75 75 77 -78 78 79 -81 -82 -83 -84 84 -86 86 87 88 89 -91 -92 92 -94 -95 95 -97 -98 -99 -100 -101 -102 102 -104 -105 116 -107 107 108 109 110 -112 -113 -114 -115 115 -117 -118 -119 -120 -121 121 -123 123 -125 -126 -127 -128
leaf_value=0.050492712398633281 0.050481804643310479 -0.056121292378761102 -0.066118048138747817 -0.044620002486602306 0.053428355301820135 -0.06273016498375561 -0.055383146376648408 -0.060006687273382237 -0.07332328158246533 -0.075839988504913303 -0.069182245021733743 -0.065609609486733986 -0.077178277390753613 0.065698413994739524 0.058389759374244711 0.059557775088923841 -0.06633320901767123 -0.072841374310506926 -0.066166272063400242 -0.067575805263922178 -0.044918685840327516 -0.04992079169383714 0.093141767624548455 -0.04121322406354927 -0.075600464117345445 0.052234929529509845 0.052473796715120029 -0.075627494395373238 -0.074373376956712228 -0.076591833534913792 -0.01931056651088247 0.0672413766635028 0.062949442687880927 -0.066115664010069033 -0.063207400810960643 -0.073874535693812401 0.06266995486635718 -0.07068649554891776 0.065892795420724223 -0.065455438926276421 -0.055374688866917113 -0.071003971002158855 -0.07113500234422053 0.059241310192456965 -0.075119191098005439 -0.073157808625045631 0.071565456223415688 -0.09244101097279879 0.064167533368784987 -0.046003267960557259 -0.067159939420479597 0.079696012868156488 0.0012309614716997683 0.06937759352105248 -0.051586054575799636 -0.071758425714702007 -0.068057509631933896 0.054698025206004086 0.063519557013863581 -0.066886334722717877 0.082007096211672237 -0.073035992439509534 -0.066824413963123386 -0.037643777902870823 0.089074096272862391 -0.045700872608974381 -0.080344472309883064 -0.074574852032639347 -0.066616114895526865 -0.074901920786678691 -0.036523965744624125 -0.071719789776487533 -0.050394646673500576 0.098493816680107177 0.082251424140978177 -0.072762518758313285 -0.078088335041879703 -0.087718828590006237 -0.048271235910912341 0.087722754866865538 -0.078751508730134298 -0.069424390345693962 -0.075587958655333964 0.070678464857983861 -0.047936986416178308 -0.063564194636793164 -0.061716127732861774 -0.07013415343188753 0.084223993772319233 -0.053153437058787147 -0.066033219160551312 0.089986163041716472 -0.070916233906769613 -0.068645306001232989 0.10681350703559114 -0.076726878055013603 -0.065117843180983001 -0.070724575137619858 -0.078550097462786836 0.07271736288232554 -0.06473739805254472 -0.058894559222635826 0.081849927076638837 -0.071796713621494354 -0.055387607529519503 -0.069200199996173661 -0.072288162199471581 -0.068841675837425051 -0.074297332835381813 -0.06116779512720142 0.10847600842709103 -0.02355318322085552 -0.074501991157913103 -0.074681338595086175 0.057617357517163209 -0.070253140094212491 -0.071058723401495757 -0.07262881650149576 -0.066264975610747873 0.071943719635975942 0.078538484888284313 -0.029301621660901035 0.068903429539333025 -0.070969062585686762 -0.077119961196506756 -0.068930884427439915 0.010363789031303382
leaf_weight=33.034344056621194 15512.13324546814 954.55192851275206 5156.1570771709085 39.228809126652777 31.8520986456424 1887.0351598169655 143.3643422499299 246.98355741798878 26600.065082071349 405.46159538626671 11717.601149575785 45.80584360472858 9.4868659973144549 7.2320778463035813 5.8165449323132625 5.4040271509438744 211.76666728872806 2416.159119322896 104.24300592392683 63.134699167683721 25.646378412842751 12.750180989503859 26.581433670595288 255.88340296596289 161048.66605785489 7.1695842631161204 111.33261864818633 67132.444144355133 52103.064507749863 87.749541282653809 18.994039392098784 8.7625718759372813 13.496553993783889 187.58718917239457 23.691319645382464 120.81547160446644 19.178079568780959 10.097487777471544 19.135286431759596 44.03136988170445 11.728911735117437 3620.9810191150755 6825.1153464578092 8.35487595759332 30.535815287381411 60.982724267989397 8.1384007511660439 11.052834524773063 8.4878700226545316 99.432239484041929 67.440358299762011 11.276643154211341 21.492085067555308 9.654707280918954 37.407190384343266 1936.2839217633009 251.67137678712606 8.8040866060182434 12.86407216452062 1954.5133390752599 12.759884163737299 31.383475586771965 308.00957567244768 13.712424099445345 11.960860788822172 93.762176783755422 9.7736911773681676 105.8193859346211 880.86265446990728 67.886299189180136 14.556699596345423 176.58683133497834 12.716615237295629 6.9311329498887053 11.312949290499091 56.776793923228979 10.746794678270817 10.192097663879393 13.674490779638292 8.5651019141077978 21.629968419671059 2190.8448212742805 90.52153698541224 8.7523839473724347 25.892027659341693 11.223156765103338 325.06499015539885 21.182901356369257 9.1413045683875698 12.326482549309729 65.970124065876007 11.286524802446365 10.766211465001106 1418.3715624697506 12.064293399453161 21.383054383099079 21.967015236616135 42.497600469738245 10.283314203843476 10.498263674788173 11.741377651691435 11.751477137207987 9.2905132025480253 4175.9578871335834 131.69705770909786 234.45919564180076 232.13870207965374 29.664070654660463 9.9236239641904849 11.187428653240206 10.359749776311217 16.65357694029808 18901.023958660662 10111.589944392443 60.392029292881489 950.83971637114882 2686.9462314248085 203.73344063013792 270.62120821140707 8.2203376181423646 6.5329606644809237 30.263950191438198 11.882995582185686 61.67589457705617 9.4808320999145508 104.86083570867777 20.820151686668396
leaf_count=3428 1640960 844 2211 42 3085 1268 118 191 5437 48 4234 37 1 286 291 61 481 712 46 30 25 12 113 561 20269 218 3586 8367 8903 13 56 335 290 162 28 37 556 3 430 94 19 1102 2125 493 13 21 73 8 91 110 43 77 48 72 114 523 98 531 230 920 77 10 147 17 50 193 1 59 454 36 24 81 12 31 56 33 4 1 25 38 11 798 23 46 28 6 190 9 42 10 32 48 4 543 51 7 11 36 4 89 7 8 41 1128 78 123 46 9 2 6 49 42 3139 1601 693 292 703 76 146 62 58 75 130 27 1 42 47
internal_value=-0.0692981 -0.0740515 -0.0707454 -0.0747675 -0.070803 -0.0666936 -0.0748583 -0.0720284 -0.0749686 -0.059368 -0.0669335 -0.0752056 -0.072802 -0.0693417 -0.0518849 -0.0537831 -0.0552588 -0.0727816 -0.0692865 -0.0642522 -0.0366978 0.0105781 0.046765 -0.0548496 -0.0752302 -0.0747413 -0.0104284 -0.0748718 -0.0739893 -0.0620952 -0.0354791 -0.0679879 -0.053358 -0.0580595 -0.0174214 -0.0566794 -0.0501039 0.0166737 -0.0569237 -0.0303182 0.0198091 -0.0732166 -0.0735722 -0.0132961 -0.0698116 -0.050659 -0.0346559 -0.0604079 -0.0240186 -0.0647755 -0.0456224 -0.0168632 -0.0577045 -0.0457964 -0.0267705 -0.068108 -0.0658986 -0.0610117 -0.0499929 -0.0658754 -0.0682411 -0.0688044 -0.059782 -0.0479117 0.0213925 -0.0532213 -0.0351283 -0.06101 -0.0628836 -0.0547191 0.0188432 -0.0600722 -0.0497262 0.00212871 -0.0554131 -0.0435226 0.00413907 -0.0553085 -0.0247526 0.00410393 -0.0509595 -0.0681079 -0.0573674 -0.0481018 -0.0179706 -0.0585527 -0.0536509 -0.0560338 -0.0418984 0.00534393 -0.0511853 -0.02853 0.0114331 -0.0672861 -0.051024 -0.0321662 -0.0041672 -0.0524995 -0.0271512 -0.00107814 -0.0220757 -0.0199925 0.00324731 -0.0711383 -0.0676055 -0.0587003 -0.0755821 -0.0651979 -0.0382752 -0.00946353 0.0203959 -0.0510344 -0.0736014 -0.072653 -0.0700357 -0.0626166 -0.0703265 -0.0628426 -0.0573264 -0.0306926 -0.0409066 -0.0101556 -0.0705702 -0.0516556 0.00410122 -0.05924 -0.039774
internal_weight=406393 390881 69578.4 321303 69545.3 15974.8 319419 53570.5 314284 1883.59 15943 283561 45595.7 4878.15 455.206 447.974 442.157 30722.4 4122.3 1706.14 169.221 64.978 39.3316 1478.13 282996 121948 246.876 121701 54275 135.543 47.7936 13725.5 233.538 224.775 37.1879 436.753 315.938 29.2756 286.662 74.8956 30.8642 40717.5 36866.8 17.8417 3850.74 146.719 85.7361 2217.53 36.1943 2171.89 117.946 50.5055 1222.24 77.5977 47.0619 5135.33 3199.05 2181.34 294.303 2053.95 13491.9 12208.3 490.747 182.738 25.6733 285.499 85.9169 199.582 1283.57 402.706 27.3166 375.389 198.802 19.6477 179.155 111.268 22.0597 89.2085 32.4317 22.2396 40.624 2459.38 268.53 178.009 34.6444 739.675 488.004 455.739 130.674 21.4678 109.206 43.2356 22.0527 1536.92 118.549 55.4144 34.0313 73.0529 30.5553 20.272 33.2335 32.2651 21.042 4422.94 7974.8 1189.01 67425.7 293.274 61.1349 31.4708 21.5472 27.7064 36849 17947.9 7836.35 1011.23 2818.64 565.178 361.444 90.8231 82.6028 36.7969 3704.02 83.0397 21.3638 157.064 52.2036
internal_count=1726548 85588 31765 53823 28337 11871 52192 16466 50168 1631 8786 43181 13474 3577 2258 1972 1681 6987 1550 838 196 150 125 1583 42727 22458 3884 18574 10095 298 285 6234 815 480 318 1620 1583 559 1024 543 449 9897 8344 494 1553 293 272 2552 141 1192 162 119 1022 199 186 2024 1501 2411 1143 1030 5419 4547 313 166 67 612 360 252 872 418 101 317 236 43 193 157 60 97 64 63 67 1013 215 192 74 488 390 335 145 52 93 61 52 642 99 69 62 130 94 90 55 55 49 1319 2992 967 8479 112 66 57 55 50 7850 4711 3110 985 781 454 378 232 170 133 1260 158 131 99 57
is_linear=0
shrinkage=0.05


Tree=19
num_leaves=128
num_cat=0
split_feature=22 10 1 17 6 18 7 1 4 10 6 7 3 3 1 18 7 3 9 4 0 0 6 3 10 10 1 4 4 9 6 2 3 7 7 17 1 10 11 2 9 4 0 14 4 10 0 4 3 0 0 0 6 8 18 5 4 16 11 19 4 3 3 4 4 2 3 19 2 2 3 17 4 10 2 18 18 6 18 18 19 18 16 18 0 4 1 0 1 1 2 0 2 4 4 4 17 4 18 2 19 16 14 14 2 5 16 3 11 10 0 6 4 4 0 4 4 1 17 1 3 1 0 0 7 14 4
split_gain=85300.2 394.068 192.1 178.328 149.058 168.518 102.621 76.5721 58.6046 44.4039 40.9973 40.8136 35.5807 28.5087 40.5319 52.1491 25.052 23.1711 22.0886 21.8096 37.639 21.419 26.0879 32.338 73.2766 19.9271 23.3408 20.838 56.5616 19.9116 19.1228 48.6249 26.6332 50.3768 17.912 33.6681 17.0113 16.9286 24.8453 16.3818 16.1777 16.1577 19.9228 15.6033 29.1205 40.106 72.1247 15.3632 49.767 37.6226 18.0888 15.2635 14.822 36.6776 17.7758 45.673 16.3919 29.8476 14.6048 57.767 35.2748 16.7495 21.3734 36.1815 14.9345 22.613 52.0929 17.2665 21.6374 36.6367 14.5191 60.157 61.9414 13.9046 46.0273 21.4365 344.863 13.8334 13.7286 356.483 295.847 27.394 18.4481 18.1417 25.2803 17.9801 45.0089 23.2699 16.6985 19.5881 62.0135 14.7181 13.7 42.0638 13.6193 49.0986 13.5027 30.7484 13.1446 24.6471 89.9017 22.2647 40.119 12.681 26.9935 41.6902 51.7757 12.6121 12.2938 12.9549 13.5705 12.56 12.0909 11.9179 11.9075 23.188 11.8658 29.3014 35.628 21.7522 22.4806 11.8502 19.2304 43.6814 11.7832 21.5804 21.8924
threshold=10.500000000000002 0.39499999582767492 2.117991425620858e-05 59.000000000000007 1.0000000180025095e-35 73.500000000000014 1.0000000180025095e-35 0.027578556910157207 210.54999542236331 0.090454548597335829 1.0000000180025095e-35 1.5000000000000002 33.420000076293952 10.660000324249269 0.0028886605286970739 1462.5000000000002 1.0000000180025095e-35 51.359998703002937 0.36500000953674322 62.085000991821296 75.307971954345717 75.307971954345717 1.5000000000000002 26.439999580383304 0.59499999880790722 0.59499999880790722 0.027578556910157207 133.65000152587893 157.34999847412112 0.095000002533197417 2.5000000000000004 1608.7916259765627 24.819999694824222 1.0000000180025095e-35 1.5000000000000002 62.500000000000007 0.027578556910157207 0.78999999165534984 0.095000002533197417 3.2513130903244023 0.58499997854232799 98.93500137329103 153.33653259277347 0.39499999582767492 74.024997711181655 0.2950000017881394 288.16868591308599 64.465000152587905 26.819999694824222 94.243225097656264 94.243225097656264 57.849126815795906 1.5000000000000002 1.0000000180025095e-35 261.50000000000006 2.5000000000000004 62.594999313354499 900.50000000000011 0.095000002533197417 96.029998779296889 104.81500244140626 20.779999732971195 19.180000305175785 102.24499893188478 83.134998321533217 5027.9067382812509 18.420000076293949 126.00500106811525 5179.7153320312509 13830.055664062502 28.039999961853031 62.500000000000007 81.974998474121108 0.19500000029802325 785580.71875000012 1474.5000000000002 1512.5000000000002 2.5000000000000004 1512.5000000000002 1494.5000000000002 324.27000427246099 1485.0000000000002 10941.000000000002 1501.0000000000002 697.86837768554699 157.34999847412112 0.00088401912944391381 1782.9097290039065 0.0028886605286970739 0.00043746591836679732 60419.384765625007 288.16868591308599 3326.260620117188 60.145000457763679 79.040000915527358 53.155000686645515 66.500000000000014 47.250000000000007 432.50000000000006 17366.740234375004 132.25000000000003 1237.0000000000002 0.49500000476837164 0.19500000029802325 4339.3264160156259 6.5000000000000009 801.50000000000011 17.640000343322757 0.27500000596046453 0.19500000029802325 75.307971954345717 1.5000000000000002 55.540000915527351 220.84999847412112 19417.625000000004 1.0000000180025095e-35 181.25000000000003 0.0010423242929391565 89.500000000000014 0.00011916994844796137 40.520000457763679 0.00020244002371327954 175604.17187500003 10288.099609375002 1.5000000000000002 0.39499999582767492 60.805000305175788
decision_type=2 2 2 2 2 2 2 2 2 2 2 2 2 2 2 2 2 2 2 2 2 2 2 2 2 2 2 2 2 2 2 2 2 2 2 2 2 2 2 2 2 2 2 2 2 2 2 2 2 2 2 2 2 2 2 2 2 2 2 2 2 2 2 2 2 2 2 2 2 2 2 2 2 2 2 2 2 2 2 2 2 2 2 2 2 2 2 2 2 2 2 2 2 2 2 2 2 2 2 2 2 2 2 2 2 2 2 2 2 2 2 2 2 2 2 2 2 2 2 2 2 2 2 2 2 2 2
left_child=1 3 8 -1 7 -6 10 13 17 34 12 21 78 14 15 114 73 39 -18 20 -20 22 -8 24 -24 26 77 -28 -29 107 36 -32 33 -33 52 -36 40 38 41 -3 108 42 47 44 45 46 -16 48 50 -50 -13 94 -7 54 55 96 57 -56 59 60 -38 62 64 -64 -61 66 -66 -67 -69 -70 71 -53 -73 74 75 -15 -77 -12 79 81 83 85 -83 84 -81 86 87 -4 89 -84 -91 -88 -37 -94 95 -42 97 -54 -21 100 101 102 -100 -31 105 106 -105 -9 109 124 -111 -112 -113 -80 -5 -116 117 118 119 -14 -121 122 123 -89 -11 -126 -127
right_child=-2 2 6 4 5 9 11 29 -10 30 25 37 116 16 43 -17 18 -19 19 98 -22 -23 23 -25 -26 -27 27 28 -30 103 31 32 -34 -35 35 92 58 -39 -40 -41 51 -43 -44 -45 -46 -47 -48 -49 49 -51 -52 70 53 -55 56 -57 -58 -59 -60 61 -62 -63 63 -65 65 67 -68 68 69 -71 -72 72 -74 -75 -76 76 -78 -79 113 80 -82 82 88 -85 -86 -87 91 121 -90 90 -92 -93 93 -95 -96 -97 -98 -99 99 -101 -102 -103 -104 104 -106 -107 -108 -109 -110 110 111 112 -114 -115 115 -117 -118 -119 -120 120 -122 -123 -124 -125 125 126 -128
leaf_value=0.050468453239555969 0.050458089939030386 -0.051179047006318923 -0.027249296366027673 -0.056167977504881984 0.053390161805830463 -0.060221585515310684 -0.068850690293051506 -0.062597495906642542 -0.073895007087354622 -0.064466016909824939 -0.069950516466388654 -0.056495568692858822 -0.063271494064227204 -0.0685129188232841 0.10884263508481791 0.068811564605370509 -0.068360658567346508 -0.029681262513881135 -0.064246658249739061 -0.072967125335348201 0.084139143759642016 -0.071754461464026739 0.088462632497112947 -0.059359764895673885 -0.064162458384479606 -0.072071417727389564 -0.060707672247328703 0.075421944314605749 -0.064503015644774425 -0.066359988735478131 0.066556078865662407 0.062313808478520208 -0.063550322462646622 -0.060406637704331238 0.076547465754220612 -0.090516821883641199 0.079950186061270592 -0.068986688941024971 -0.068497001560926488 -0.064702879556279624 -0.068055363393291324 -0.065581767210957667 -0.067091973321878273 -0.068664647814869556 -0.06956739303499522 -0.069392146587359968 -0.070392012581871874 -0.055259098887167346 0.081802435569499871 -0.034673471255944222 -0.014141025229391905 -0.065516515298205708 -0.071632270185868582 0.05525690529021185 -0.060588673762237047 0.06440540947159594 -0.060550765341448189 0.072903460985231788 -0.064046443369699405 -0.071615489103039762 -0.034730904245090025 -0.068893128544441587 -0.048170186546022613 0.094353344153817006 0.079977617387369915 -0.069632392129298212 -0.075039992479070894 -0.084551136634868379 0.079339105614735131 -0.051013460626554798 -0.067508974516178613 0.092568439433232522 -0.039301105646929152 -0.072184904266940908 -0.07261109273702894 0.057355929649545591 -0.068011632338923933 -0.052646283564353816 -0.07370445117222961 -0.048965530954089377 0.052351576966295901 -0.069229030486618034 -0.058117630640500809 -0.074413518398520132 0.066316869632230879 -0.073835682282237788 -0.072882768021423724 -0.046679950978511318 -0.066621629689477616 -0.052762679413632024 0.086593952956631248 -0.069180585406950726 -0.085781483142682913 0.068517830768762236 -0.054320045076360984 0.091665283068735393 -0.078666390782105772 0.069421164914527794 0.097421158537391681 -0.06271169594381526 0.091255957925925169 -0.068252291779675206 -0.061508403393615629 -0.04570640317382469 -0.05517081365302489 -0.055230197280224186 0.092120609678332521 -0.06874694315205937 -0.07039627169463146 -0.063836582589525986 -0.069417911116851666 -0.016601144769026934 -0.062591437155233506 -0.0682841609375094 -0.059353302663316121 0.054694926150142847 -0.070282028110407527 -0.063559612628617382 0.070655741109228898 0.076565115530734917 -0.028973976883782039 -0.06608003046772605 -0.064468493700977347 0.076288274888820201 -0.061518598446087404 -0.067832982148881033 -0.0168449363389453
leaf_weight=31.437962892465293 14762.358202934265 1087.1356912273914 55.503017148002982 349.97495074849576 30.319790570065379 1867.8448941707611 4990.6190046230331 2572.2567183673382 395.57727208733559 1841.0302765378729 6166.5106039233506 140.45709831267595 45.267331209033728 7488.3056655656546 12.479846596717834 8.8387522585690004 3611.7823298033327 105.8287395760417 10.068942472338678 109.25000731647015 7.4250283157452932 16050.197884205729 12.650487987324594 209.95702688395977 20.785454511642456 17417.67713858746 387.21670711226761 10.664247037842868 22.376363107934594 124.10462468862534 8.4188770027831179 12.965959169901906 185.45559349376708 23.553710976615548 6.8710918053984633 10.998177272267641 12.441835027188064 2321.0115493685007 1216.0564318150282 282.01343724504113 11.031699970364572 565.49681326281279 247.34512702189386 4683.0720230685547 70.20922090113163 19.622674122452736 10.200466245412827 499.40233915485442 13.805196767672896 13.927037373185158 30.722702533006668 128.43442987836897 9.9931693682447094 8.3396362010389549 11.22075225505978 11.324297867715357 217.22669747937471 6.6802606964483848 870.65245976299047 67.461857087910175 14.543132588267325 174.68816926330328 12.640589460730554 6.8748754560947409 11.059276446700096 56.372544225305319 10.627178013324738 10.048806190490721 9.3186347447335738 12.786961905658243 271.83608078211546 13.357288122177122 26.715541496872902 20668.873695349321 9902.1401990056038 58.239278592169285 943.96926981210709 117.69932211469859 150884.4956583865 41.16534361243248 102.53291048854589 2570.8153479266912 45.672635361552238 85.850375026464462 5.3766268501058212 53727.686330193654 48912.603294041008 36.423093033023179 98.818060401827097 25.55660717189312 11.609539593569933 2840.4733496252447 10.316009499132635 7.7240882627665988 24.535255007445812 8.5335464105010015 19.639729484915733 6.2989889858290544 6.3186192195862541 179.93171456828713 12.949448352679608 52.70781273022294 10.686684969812632 12.729629859328272 226.24643290042877 33.257097065448761 14.662446409463881 1233.6796247586608 2043.8628225252032 2168.8060211017728 4537.339259413071 14.692812293767927 522.71584334596992 1020.9968059659004 11.544621601700785 7.2593140332028261 200.10155298933387 257.05006577260792 7.9583307243883601 6.0661406349390736 29.994455099105835 347.78417856805027 66.760231979191303 9.0079750176519138 297.45449908450246 31.776131734251976 62.379282608628273
leaf_count=3428 1640960 1075 75 1556 3085 1268 1324 1155 48 960 1530 108 36 2972 59 67 1238 341 6 28 71 3114 56 123 9 3355 275 54 14 47 335 290 162 28 50 17 77 718 381 167 6 253 93 1622 20 5 4 341 65 17 48 60 13 528 13 138 265 63 454 36 24 81 12 31 56 33 4 1 50 13 103 56 31 3664 1612 696 305 138 19284 175 3499 691 34 13 93 6593 7763 33 31 28 53 820 3 71 20 37 6 117 49 131 86 51 12 12 149 20 61 368 528 900 1274 23 274 256 7 393 76 143 62 56 74 179 43 66 165 12 98
internal_value=-0.0674743 -0.0720321 -0.0727809 -0.0685878 -0.0686427 -0.0643735 -0.0728767 -0.0699229 -0.0568056 -0.0646009 -0.0731521 -0.06989 -0.0733341 -0.0704877 -0.0669807 -0.0512088 -0.070909 -0.0522223 -0.0671409 -0.0558258 -0.00126674 -0.0708487 -0.0680711 -0.0520868 -0.00641676 -0.0711798 -0.0688635 -0.0574554 -0.0193406 -0.0634618 -0.0656729 -0.0513914 -0.0558648 -0.0168359 -0.0580044 -0.0229812 -0.0659208 -0.0658481 -0.063177 -0.0539646 -0.0665028 -0.0588959 -0.0548978 -0.0682226 -0.0498224 -0.017052 0.0282319 -0.0505786 -0.0388275 0.0233086 -0.0488939 -0.057552 -0.058587 -0.048085 -0.051137 -0.0231544 -0.056761 -0.0107724 -0.0604166 -0.0524933 0.0181446 -0.057619 -0.0476315 0.00203777 -0.053087 -0.0417457 0.00401316 -0.0529553 -0.0237172 0.00393678 -0.0603607 -0.0488291 0.00465435 -0.071295 -0.070295 -0.0675938 -0.0607264 -0.0696264 -0.0733608 -0.0729326 -0.011407 -0.0730655 -0.0681409 -0.0607856 -0.0356479 -0.0731934 -0.0725331 -0.0578316 -0.0527419 -0.0361848 -0.00923203 -0.0726796 -0.0465319 -0.0197163 -0.0295074 0.00160814 -0.0507498 -0.0170972 -0.0583926 -0.052329 -0.0297289 -0.0522023 -0.00245534 -0.0530065 -0.0472301 -0.017608 0.0280697 -0.0645908 -0.0668792 -0.0661207 -0.067147 -0.0685618 -0.0613341 -0.073668 -0.0540854 -0.0153247 -0.0605887 -0.0549883 -0.0303119 -0.040192 -0.0112201 -0.0615219 -0.0473919 -0.0222981 -0.0627907 -0.0549149 -0.0340527
internal_weight=396736 381974 313761 68213.4 68182 15729.2 311890 52452.8 1870.56 15698.9 285558 26332.4 261436 48235.9 5173.2 377.618 43062.6 1474.98 4001.12 389.338 17.494 21284.2 5234.01 243.393 33.4359 24122.1 6704.47 420.257 33.0406 4216.94 13504.4 230.394 221.975 36.5197 2194.48 35.9094 13274 5048.22 2727.21 1369.15 12004.5 1511.16 945.66 4795.58 112.512 42.303 22.6803 698.314 198.912 27.7322 171.18 484.444 2158.57 290.724 282.384 47.2562 235.128 17.901 1269.52 398.864 26.985 371.879 197.191 19.5155 177.675 110.213 21.6865 88.5269 32.1544 22.1056 440.343 168.507 40.0728 39061.5 18392.7 8490.51 1002.21 6284.21 260889 108984 234.925 108749 2752.47 132.392 46.542 105996 52268.6 515.478 181.657 82.8388 37.1661 51753.1 29.0383 18.0401 44.1005 19.5652 35.9319 16.2922 371.844 262.594 82.6626 69.7131 17.0053 411 286.896 60.6492 27.3921 3805.94 11520.1 9476.19 7243.55 5074.75 537.409 151905 368.779 18.8039 546.438 346.336 89.2863 81.3279 36.0606 459.975 112.191 45.4311 2232.64 391.61 94.1554
internal_count=1726548 85588 53823 31765 28337 11871 52192 16466 1631 8786 45542 6650 40176 14654 3733 2023 10921 1583 1672 434 77 4626 1512 188 65 5366 2011 343 68 1812 6234 815 480 318 2552 141 5419 2024 1306 1242 4547 925 672 1710 88 68 63 579 238 82 156 313 2411 1143 615 274 341 76 872 418 101 317 236 43 193 157 60 97 64 63 250 147 87 9249 5585 3973 1001 1668 39729 20189 3780 16409 837 281 268 15572 8979 396 146 115 81 8583 91 74 63 43 136 130 357 329 198 112 61 289 242 93 73 1523 4234 3706 2471 1571 297 19540 1956 400 447 371 228 166 130 321 142 99 1235 275 110
is_linear=0
shrinkage=0.05


end of trees

feature_importances:
Column_4=375
Column_18=254
Column_2=239
Column_1=236
Column_3=189
Column_10=156
Column_6=140
Column_0=134
Column_19=130
Column_16=107
Column_9=97
Column_7=86
Column_14=78
Column_17=78
Column_11=77
Column_5=58
Column_8=31
Column_13=28
Column_22=20
Column_15=18
Column_12=9

parameters:
[boosting: gbdt]
[objective: binary]
[metric: auc]
[tree_learner: serial]
[device_type: cpu]
[data_sample_strategy: bagging]
[data: ]
[valid: ]
[num_iterations: 20]
[learning_rate: 0.05]
[num_leaves: 128]
[num_threads: 0]
[seed: 0]
[deterministic: 0]
[force_col_wise: 0]
[force_row_wise: 0]
[histogram_pool_size: -1]
[max_depth: -1]
[min_data_in_leaf: 20]
[min_sum_hessian_in_leaf: 0.001]
[bagging_fraction: 1]
[pos_bagging_fraction: 1]
[neg_bagging_fraction: 1]
[bagging_freq: 0]
[bagging_seed: 3]
[bagging_by_query: 0]
[feature_fraction: 1]
[feature_fraction_bynode: 1]
[feature_fraction_seed: 2]
[extra_trees: 0]
[extra_seed: 6]
[early_stopping_round: 0]
[early_stopping_min_delta: 0]
[first_metric_only: 0]
[max_delta_step: 0]
[lambda_l1: 0]
[lambda_l2: 0]
[linear_lambda: 0]
[min_gain_to_split: 0]
[drop_rate: 0.1]
[max_drop: 50]
[skip_drop: 0.5]
[xgboost_dart_mode: 0]
[uniform_drop: 0]
[drop_seed: 4]
[top_rate: 0.2]
[other_rate: 0.1]
[min_data_per_group: 100]
[max_cat_threshold: 32]
[cat_l2: 10]
[cat_smooth: 10]
[max_cat_to_onehot: 4]
[top_k: 20]
[monotone_constraints: ]
[monotone_constraints_method: basic]
[monotone_penalty: 0]
[feature_contri: ]
[forcedsplits_filename: ]
[refit_decay_rate: 0.9]
[cegb_tradeoff: 1]
[cegb_penalty_split: 0]
[cegb_penalty_feature_lazy: ]
[cegb_penalty_feature_coupled: ]
[path_smooth: 0]
[interaction_constraints: ]
[verbosity: -1]
[saved_feature_importance_type: 0]
[use_quantized_grad: 0]
[num_grad_quant_bins: 4]
[quant_train_renew_leaf: 0]
[stochastic_rounding: 1]
[linear_tree: 0]
[max_bin: 255]
[max_bin_by_feature: ]
[min_data_in_bin: 3]
[bin_construct_sample_cnt: 200000]
[data_random_seed: 1]
[is_enable_sparse: 1]
[enable_bundle: 1]
[use_missing: 1]
[zero_as_missing: 0]
[feature_pre_filter: 1]
[pre_partition: 0]
[two_round: 0]
[header: 0]
[label_column: ]
[weight_column: ]
[group_column: ]
[ignore_column: ]
[categorical_feature: ]
[forcedbins_filename: ]
[precise_float_parser: 0]
[parser_config_file: ]
[objective_seed: 5]
[num_class: 1]
[is_unbalance: 1]
[scale_pos_weight: 1]
[sigmoid: 1]
[boost_from_average: 1]
[reg_sqrt: 0]
[alpha: 0.9]
[fair_c: 1]
[poisson_max_delta_step: 0.7]
[tweedie_variance_power: 1.5]
[lambdarank_truncation_level: 30]
[lambdarank_norm: 1]
[label_gain: ]
[lambdarank_position_bias_regularization: 0]
[eval_at: ]
[multi_error_top_k: 1]
[auc_mu_weights: ]
[num_machines: 1]
[local_listen_port: 12400]
[time_out: 120]
[machine_list_filename: ]
[machines: ]
[gpu_platform_id: -1]
[gpu_device_id: -1]
[gpu_use_dp: 0]
[num_gpu: 1]

end of parameters
